"id","author","created_at","gh_number","state","title","comment_num"
"449","rdhabalia","18/7/2017 07:18:07","577","closed","CPP add receiveAsync API","14"
"64","sschepens","27/10/2016 03:54:40","88","closed","Implement BrokerHostUsage using java","23"
"912","merlimat","10/2/2018 03:51:29","1210","closed","Cancel keep-alive timer task after the proxy switch to TCP proxy","2"
"55","merlimat","19/10/2016 08:26:28","75","closed","GPG keys need to imported just once","1"
"148","yush1ga","10/2/2017 07:29:11","200","closed","Add tls authentication plugin for cpp client","10"
"790","lucperkins","10/1/2018 06:18:06","1047","closed","Add StatefulSet option for BookKeeper on Google Kubernetes Engine","5"
"828","merlimat","25/1/2018 06:29:46","1108","closed","Fixed race condition between write operation and send timeout","1"
"938","massakam","16/2/2018 21:14:09","1242","closed","Change HTTP status code which WebSocket proxy returns to producer whe…","2"
"1037","zhaijack","8/3/2018 08:59:00","1358","closed","Issue 1071: add ratelimiter for subscription","4"
"184","rdhabalia","1/3/2017 05:46:03","253","closed","fix Intermittent test failures in ProxyPublishConsumeTest.socketTest","2"
"87","rdhabalia","18/11/2016 07:41:38","119","closed","Remove shading-package-relocation for async-client as it creates conf…","5"
"753","lucperkins","21/12/2017 09:07:52","999","closed","Update downloads page to ensure Apache compliance (WIP)","10"
"652","rdhabalia","25/10/2017 09:48:19","857","closed","Introduce auto bundle split and unloading of split bundle in ModularLoadManager","10"
"477","merlimat","1/8/2017 13:09:58","610","closed","Redirect unit tests logs to file","3"
"273","rdhabalia","19/4/2017 13:15:33","364","closed","Fix dispatcher returns unblocked consumer by performing round-robin iteration on consumer-list","4"
"394","merlimat","22/6/2017 03:09:30","514","closed","Static link dependency libraries for C++ client lib and Python wrapper","3"
"51","merlimat","18/10/2016 06:27:24","70","closed","Support per message unacknowledged redelivery on RedeliverUnAcknowled…","1"
"1091","lucperkins","23/3/2018 01:11:37","1421","closed","Fix Python example class name","4"
"781","Licht-T","8/1/2018 18:28:54","1038","closed","ENH: Add C++ code auto-formatting option","12"
"951","maskit","20/2/2018 21:10:29","1258","closed","Fix CID 262329","2"
"839","merlimat","27/1/2018 08:00:39","1122","closed","Use Optional<String> for returning least loaded broker","3"
"70","sschepens","1/11/2016 05:00:41","96","closed","Fix Negative UnAckedMessages","1"
"867","merlimat","1/2/2018 01:55:45","1158","closed","Links to archived releases should be using https","1"
"190","merlimat","2/3/2017 03:56:33","260","closed","Replaced use of System.out.println() in unit tests","1"
"758","ivankelly","22/12/2017 22:41:15","1006","closed","Acknowledgement with properties for RawReader","6"
"539","merlimat","22/8/2017 06:22:13","709","closed","Succeed when unloading namespace bundles not owned by any broker","4"
"1108","sijie","26/3/2018 14:14:48","1441","closed","Update the bookkeeper configuration file","3"
"858","maskit","30/1/2018 21:37:27","1147","closed","Add support for new configration interface to AuthenticaionTls","4"
"1128","lucperkins","30/3/2018 02:24:24","1468","closed","Documentation for non-persistent topics","1"
"874","jai1","2/2/2018 05:54:53","1168","closed","Proxy roles enforcement","3"
"305","bradtm","16/5/2017 03:39:21","407","closed","Update modular load manager impl documentation","1"
"554","rdhabalia","30/8/2017 09:14:28","726","closed","Handle NPE at load-manager when leader couldnt find available broker","4"
"278","jai1","21/4/2017 06:51:49","370","closed","Get messageId in string format","9"
"424","merlimat","6/7/2017 09:16:47","548","closed","PIP-1 - Introduce Pulsar proxy component","13"
"1136","rdhabalia","31/3/2018 02:25:29","1478","closed","Fix race condition in skipEntries that moves readPosition and markDeletePosition incorrectly","1"
"670","rdhabalia","2/11/2017 06:04:56","877","closed","Namespace-isolation policy should consider secondary brokers","1"
"176","rdhabalia","24/2/2017 05:29:20","239","closed","Replicator stop retrying to read when cursor is already closed","1"
"849","ivankelly","30/1/2018 00:06:58","1134","closed","Docker compose files for pulsar","2"
"1045","ivankelly","12/3/2018 23:05:07","1366","closed","Allow override of redirectTestOutput from CLI","1"
"509","merlimat","9/8/2017 08:11:09","660","closed","Updated download links to Apache mirrors and prepared for multiple ve…","1"
"929","ivankelly","13/2/2018 17:28:50","1230","closed","ProxyForwardAuthDataTest shouldnt reuse pulsar client","1"
"663","merlimat","31/10/2017 04:43:58","870","closed","Moved some info logs in ClientCnx to debug level","2"
"919","xiaozongyang","11/2/2018 18:13:39","1219","closed","Issue 1069: Provide a setting in consumer configuration to specify where to start consuming messages ","20"
"271","rdhabalia","18/4/2017 07:29:59","362","closed","Add timeout on zkDataCache dependent task","3"
"22","rdhabalia","23/9/2016 07:09:35","36","closed","Fix msg-acknowledge counter at client-stats","3"
"1096","ivankelly","23/3/2018 18:57:11","1426","closed","Increase timeout on ReplicatorTest#testCloseReplicatorStartProducer","2"
"764","lucperkins","28/12/2017 03:36:01","1013","closed","Edits to DC/OS doc","1"
"556","lucperkins","30/8/2017 14:58:06","728","closed","Make navbar more mobile friendly","3"
"638","saandrews","19/10/2017 01:23:39","839","closed","Specify rsa transform, aes & tag length","3"
"888","Licht-T","6/2/2018 08:36:30","1183","closed","Apply make format into Python C++ wrapper client","6"
"775","Licht-T","4/1/2018 22:16:21","1030","closed","BUG: Change the search method for boost::python at CMake build","1"
"282","bobbeyreese","22/4/2017 02:26:24","374","closed","Remove Exceptionally Completed Topic Futures","3"
"733","merlimat","12/12/2017 09:13:42","957","closed","Removed unused client version filter method in WebService","1"
"269","jai1","18/4/2017 06:30:30","360","closed","Removing Inner structs in cpp client","3"
"42","rdhabalia","13/10/2016 04:01:15","59","closed","Add admin-interface(REST/CLI) to expire messages for a topic","3"
"161","jai1","17/2/2017 02:29:05","216","closed","Get ConsumerStats using Binary Protocol","40"
"117","rdhabalia","4/1/2017 03:57:10","159","closed","Safely stop(close replication-producer) and remove replicator","3"
"125","rdhabalia","18/1/2017 05:59:36","167","closed","Updated to 4.3.1.47-yahoo","2"
"113","sschepens","29/12/2016 05:06:51","155","closed","Async reset cursor","1"
"40","merlimat","12/10/2016 01:44:30","56","closed","Ensure importing of GPG keys in travis build doesnt get stuck on confirmation prompt","1"
"1122","merlimat","29/3/2018 01:07:33","1462","closed","Delayed acks impl","4"
"700","yush1ga","18/11/2017 06:42:15","912","closed","Check whether the property exists at the beginning of `validateAdminAccessOnProperty`","3"
"43","rdhabalia","14/10/2016 01:22:10","60","closed","At closing consumer: make pendingRead false when no consumer is connected to SingleDispatcher","1"
"632","yush1ga","17/10/2017 14:04:04","831","closed","Add athenz role header property","1"
"120","rdhabalia","6/1/2017 09:25:58","162","closed","Validate cursor-readPosition before reading while checkingBacklogCursor","3"
"802","zhaijack","15/1/2018 20:35:43","1065","closed","Issue 1060: changes make MessageId Comparable","2"
"578","merlimat","16/9/2017 01:07:48","760","closed","Expose control of sequence id in Java producer API","3"
"815","merlimat","23/1/2018 06:16:43","1089","closed","PIP-12 Introduce builder for creating Producer Consumer Reader","16"
"695","yush1ga","17/11/2017 06:40:48","907","closed","Use Optional to check null gracefully","1"
"440","rdhabalia","14/7/2017 02:30:36","565","closed","disable ZooKeeperClientAspectJTest  test","1"
"794","rdhabalia","11/1/2018 07:42:33","1054","closed","Populate message properties after building a message","2"
"349","jai1","9/6/2017 05:40:16","461","closed","C++ Client - Better handling and logging for curl response.","3"
"914","maskit","10/2/2018 14:17:37","1213","closed","Use SecurityUtility class","1"
"57","sschepens","24/10/2016 23:48:55","78","closed","Partitioned numMessagesInQueue should count its incoming messages","1"
"19","rdhabalia","22/9/2016 11:21:07","32","closed","While closing-topic: remove producer from set in separate thread than same set-iterator thread","2"
"160","rdhabalia","16/2/2017 08:14:51","215","closed","On batch-msg dispatching: broker should disconnect consumer which doesnt support batch-message ","3"
"728","zhaijack","7/12/2017 21:57:11","950","closed","Issue 924: Provide a json file for Marathon app groups to run Pulsar on DCOS","6"
"644","yush1ga","23/10/2017 23:12:23","847","closed","Enable json format to be used as an authentication params string","2"
"824","merlimat","25/1/2018 01:17:39","1104","closed","Set loadBalancerEnabled=true in ServiceConfiguration","1"
"1119","jai1","27/3/2018 14:18:23","1454","closed","Check if request is HTTPs before redirecting to TLS URL","1"
"508","cckellogg","9/8/2017 07:46:41","659","closed","Pulsar connectors","3"
"242","bobbeyreese","4/4/2017 02:43:40","328","closed","Improve Simulation Tools and Add Documentation","2"
"331","rdhabalia","31/5/2017 09:07:22","439","closed","Introduce non-persistent topic","2"
"677","rdhabalia","4/11/2017 04:26:05","885","closed","Cleanup unsused ApiVersionFilter","1"
"266","jai1","18/4/2017 01:49:03","357","closed","Small fixes in CPP Client","1"
"366","rdhabalia","16/6/2017 02:33:25","482","closed","Allow client(producer/consumer) to check topic stats","2"
"841","merlimat","28/1/2018 07:01:20","1124","closed","Support Pulsar proxy from C++/Python client library","5"
"1030","sijie","7/3/2018 07:56:02","1351","closed","Shade pulsar-functions-runtime instead of pulsar-functions-worker","1"
"91","merlimat","22/11/2016 04:48:18","123","closed","Added DbLedgerStorage configuration keys with default values in bookkeeper.conf","3"
"803","zhaijack","15/1/2018 20:45:04","1066","closed","Issue 937: add CommandGetLastMessageId to make reader know the end of topic","36"
"54","rdhabalia","19/10/2016 03:04:57","74","closed","fix: flow permits on blocked consumer while redelivery of messages","3"
"29","rdhabalia","29/9/2016 08:56:25","45","closed","access individualDeletedMessages with thread-safe while filtering out replay-message","3"
"4","rdhabalia","10/9/2016 08:30:41","5","closed","Support Topic lookup using Pulsar binary protocol","28"
"181","merlimat","26/2/2017 11:03:51","247","closed","Fixed compile error in ServerCnxTest after merge","1"
"96","rdhabalia","30/11/2016 09:54:00","128","closed","Use binary-proto-lookup url for replication lookup","3"
"743","rdhabalia","19/12/2017 07:40:41","985","closed","Fix: cursor-ledger leak by deleting cursor-ledger after recovering managed-cursor","1"
"466","merlimat","26/7/2017 05:42:14","598","closed","Added links to the Slack channel in website","1"
"10","MahdiZareie","13/9/2016 18:22:29","14","closed","specify require dependencies for python example","3"
"35","sschepens","7/10/2016 03:16:03","51","closed","Per Message Unacknowledged Redelivery","24"
"6","mmonti","13/9/2016 02:13:43","8","closed","Fixed incorrect links","3"
"107","rdhabalia","15/12/2016 08:46:40","146","closed","Initialize: Minimum receiverQueueSize should be number of partitions in a partition consumer","1"
"446","lucperkins","18/7/2017 04:06:14","574","closed","Documentation changes","10"
"86","rdhabalia","17/11/2016 08:59:15","117","closed","Initialize lookup-request variables locally before request-instance recycle","7"
"1148","jai1","4/4/2018 11:37:21","1494","closed"," In Namespace.addClusters and Properties.addRoles changed dataType to Set","1"
"823","zhaijack","24/1/2018 23:47:19","1103","closed","PIP-13-1/3: Provide `TopicsConsumer` to consume from several topics under same namespace","30"
"822","hrsakai","24/1/2018 17:44:20","1099","closed","Support ztsUrl parameter in athenz client plugin","1"
"400","merlimat","23/6/2017 08:18:43","521","closed","Fixed problem in starting ZK server for standalone mode","2"
"1118","jai1","27/3/2018 11:07:55","1453","closed","Added Throttling mechanism to Pulsar Proxy","7"
"1058","yush1ga","14/3/2018 12:25:02","1380","closed","Refactor REST API for namespace policy","7"
"219","rdhabalia","21/3/2017 07:37:28","299","closed","add api to increase partitions of existing non-global partitioned-topic","2"
"241","rdhabalia","1/4/2017 08:54:55","327","closed","create dynamic-config znode if not present","1"
"175","rdhabalia","23/2/2017 07:33:10","235","closed","Remove partition-topic redirection as broker sends partition-metadata…","1"
"1007","sijie","4/3/2018 18:22:45","1324","closed","Move pulsar functions dependency version to root pom and remove duplicated license headers","1"
"363","bradtm","15/6/2017 09:37:35","479","closed","Remove loaded bundles from preallocations","1"
"596","yush1ga","21/9/2017 14:56:25","780","closed","Translated docs into Japanese","2"
"285","rdhabalia","22/4/2017 09:04:16","377","closed","handle zkCache failure: invalidate cache and zk-getData failure","3"
"50","merlimat","18/10/2016 05:45:47","69","closed","Added pulsar logo","2"
"231","merlimat","24/3/2017 14:29:05","315","closed","Fix for cursor reset after topic reload","3"
"66","rdhabalia","28/10/2016 05:35:21","90","closed","Fix: Reset message-header index while verifying checksum-strip at Reconnection","3"
"340","yush1ga","6/6/2017 15:36:11","448","closed","WebSocket proxy should not make a consumer/producer when authorization is failed","3"
"523","merlimat","12/8/2017 02:20:38","677","closed","Removed unnecessary Copyright notices in NOTICE file for bin distribution","1"
"356","merlimat","13/6/2017 01:20:57","470","closed","Small compilation fixes for GCC 6.3","2"
"13","rdhabalia","20/9/2016 03:13:26","24","closed","Replace Collections.sort(list) with list.sort() to support earlier jdk-version than jdk-1.8.0_20","1"
"487","merlimat","3/8/2017 07:00:45","628","closed","Docker image to build website in Jenkins","5"
"414","merlimat","28/6/2017 08:15:18","536","closed","Added CMake build file and instructions for Pulsar Wireshark dissector","6"
"2","merlimat","8/9/2016 07:43:13","3","closed","Fixed ZookeeperCacheTest failures on Travis build","2"
"368","lucperkins","17/6/2017 03:08:43","484","closed","Modify Python docstrings to fit the pdoc format","1"
"75","rdhabalia","3/11/2016 09:03:53","102","closed","Fix: complete MessageReplay immediately if there is no entry to replay which will not block further reads as current Replay is finished","1"
"714","lucperkins","1/12/2017 03:03:09","931","closed","Refer to Google Kubernetes Engine rather than Google Container Engine","1"
"166","rdhabalia","18/2/2017 08:01:57","223","closed","Derive direct memory used count from netty counter","2"
"344","merlimat","8/6/2017 01:37:29","453","closed","pulsar-client should use the log4j.shell.properties conf","2"
"595","merlimat","21/9/2017 14:41:08","779","closed","Ensure producer/consumer are creating before upgrading from HTTP to WebSocket","8"
"142","merlimat","3/2/2017 13:53:22","188","closed","Introduce Pulsar Dashboard","12"
"872","zhaijack","1/2/2018 19:38:41","1165","closed","PIP-13-2/3: support regex based subscription","3"
"410","rdhabalia","27/6/2017 13:48:36","532","closed","add non-persistent topic documentation","22"
"152","merlimat","12/2/2017 10:19:29","204","closed","Discovery service should use HTTP temporary redirect (307)","2"
"355","merlimat","11/6/2017 00:36:46","468","closed","Pulsar Python client library","7"
"1140","lucperkins","31/3/2018 07:40:15","1482","closed","Pulsar Functions for Python docs","7"
"896","jai1","7/2/2018 06:52:51","1192","closed","Fix for memory leak in Proxy roles enforcement","3"
"222","bobbeyreese","22/3/2017 07:34:57","303","closed","Introduce new load manager API","62"
"651","afalko","25/10/2017 09:00:07","856","closed","Add proxy configuration for kubernetes","2"
"1008","sijie","4/3/2018 18:47:02","1325","closed","Rename pulsar function api from V1 to V2","3"
"381","nkurihar","20/6/2017 09:12:01","497","closed","Add connectionsPerBroker setting to WebSocket proxy","7"
"38","henng","8/10/2016 17:40:51","54","closed","synchronized should be used for final map consumers other than method parameter consumer.","2"
"1005","merlimat","4/3/2018 14:50:22","1322","closed","Use private impl for MessageId in c++ client","11"
"359","jai1","15/6/2017 02:32:09","474","closed","Fixed message rate out with batches to count messages/s (#466)","4"
"597","rdhabalia","22/9/2017 05:16:48","781","closed","Add persistent-policies validation and dynamic policy update on managed-ledger/cursor","3"
"193","rdhabalia","2/3/2017 07:24:02","265","closed","close http-connection on internal server error from broker","1"
"777","sijie","5/1/2018 16:43:32","1032","closed","Standardize the unit tests to use TestNG methods only","1"
"164","nkurihar","18/2/2017 02:45:21","220","closed","Fix #199: Do not stop to replicate when producer throws exception","3"
"1098","zhaijack","23/3/2018 22:59:03","1428","closed","Issue #1117: handle race in concurrent bundle split","9"
"1012","jai1","5/3/2018 14:30:11","1330","closed","Added pulsar-1.22.0-incubating to site configuration","1"
"548","merlimat","29/8/2017 09:50:00","720","closed","Position Reader on a specific message within a batch","3"
"787","ivankelly","10/1/2018 00:37:52","1044","closed","Compact algo","21"
"1087","rdhabalia","22/3/2018 03:06:51","1415","closed","Recycle OpAddEntry when ledger-ops fails","1"
"186","jai1","1/3/2017 12:48:19","255","closed","C++ Client - Async call for getConsumerStat","3"
"47","merlimat","15/10/2016 01:58:33","65","closed","Include pulsar-checksum in pulsar-client shaded jar","1"
"886","lucperkins","6/2/2018 07:18:11","1181","closed","Multi-topic subscription documentation","13"
"177","yush1ga","24/2/2017 10:39:41","241","closed","Resolve compatibility with previous version of C++ client","10"
"750","lucperkins","21/12/2017 05:56:15","996","closed","Add table listing supported Python versions","1"
"727","massakam","7/12/2017 20:13:16","949","closed","Fix authentication logic in WebSocketWebResource","1"
"545","merlimat","28/8/2017 03:17:20","717","closed","Reader API for C++ client","34"
"182","rdhabalia","28/2/2017 04:41:09","250","closed","connect dispatcher again on reset cursor complete","7"
"985","zhaijack","27/2/2018 16:48:20","1298","closed","PIP-13-3/3: auto subscribe based on regex pattern topics changing","7"
"810","merlimat","19/1/2018 02:12:50","1083","closed","Force to use Django 1.11 in Pulsar Dashboard","1"
"18","merlimat","22/9/2016 08:43:50","31","closed","In unit tests, do ZK cache reloads in same thread, to avoid race conditions","1"
"528","merlimat","15/8/2017 05:30:38","689","closed","Netty 4.1","6"
"1117","rdhabalia","27/3/2018 09:58:53","1451","closed","Fix: NPE on http-lookup redirection","1"
"110","rdhabalia","20/12/2016 04:05:41","149","closed","Fix: PartitionedConsumer support queueSize 1","3"
"931","mgodave","14/2/2018 01:31:02","1232","closed","Schema registry (1/4)","26"
"145","sschepens","9/2/2017 00:35:01","195","closed","Replace usages of Atomic* for Atomic*FieldUpdater","4"
"27","rdhabalia","28/9/2016 07:27:44","43","closed","Add crc32c-checksum verification on message header-payload","25"
"811","merlimat","19/1/2018 02:46:41","1084","closed","Enforce the validation of Pulsar configuration","1"
"563","rdhabalia","1/9/2017 06:30:51","739","closed","Restrict admin access for persistent-policty","5"
"557","hrsakai","30/8/2017 15:46:44","729","closed","Added reader endpoint description to WebSocket.md","2"
"143","sschepens","8/2/2017 05:00:44","192","closed","Persist and recover individual deleted messages","20"
"58","sschepens","24/10/2016 23:51:00","79","closed","Allow reset of global topic subscription","1"
"718","rdhabalia","5/12/2017 10:38:11","938","closed","Handle and log uncaught exception","1"
"667","rdhabalia","1/11/2017 02:08:55","874","closed","Fix: Non-persistent topic acking sequence for dropped message","1"
"485","merlimat","3/8/2017 04:31:56","626","closed","Reduce memory settings for LocalBookieEsemble in tests mode","2"
"814","yush1ga","19/1/2018 15:04:46","1087","closed","Add basic authentication plugin","11"
"850","merlimat","30/1/2018 03:50:13","1135","closed","Added infinite time retention configuration option","1"
"1081","rdhabalia","20/3/2018 02:38:32","1406","closed","Fix JavaSerDeTest package name","1"
"229","bobbeyreese","24/3/2017 07:40:34","313","closed","Atomically Set State when Closing Producer","3"
"1112","lucperkins","27/3/2018 03:24:07","1445","closed","Add version warning for latest vs. 2.0","1"
"559","saandrews","31/8/2017 03:02:35","731","closed","End to End Encryption Support - Java client","50"
"304","rdhabalia","16/5/2017 03:08:38","406","closed","Replace messagesToReplay set to ConcurrentLongPairSet to improve gc","9"
"645","merlimat","24/10/2017 06:23:09","848","closed","Allow consumer to seek to message id from within Pulsar client","4"
"1009","merlimat","5/3/2018 01:26:12","1327","closed","Refactored PulsarAdmin to use builder for configuration","1"
"52","rdhabalia","18/10/2016 08:14:12","71","closed","Admin-api-tool doc: Fix REST api url, add expire-messge api doc","1"
"483","hrsakai","2/8/2017 08:27:54","620","closed","added new entrypoint for reader to websocket proxy","6"
"1050","lucperkins","13/3/2018 05:40:15","1372","closed","Add byte array to built-in SerDe types for Pulsar Functions","3"
"900","rdhabalia","7/2/2018 17:11:12","1196","closed","Fix: invalid authprovider value from config","1"
"84","sschepens","17/11/2016 03:18:47","113","closed","Fix LinuxBrokerHostUsageImpl scheduled timer","1"
"170","rdhabalia","22/2/2017 02:29:40","229","closed","Derive direct memory used count from netty counter (#223)","1"
"762","lucperkins","27/12/2017 04:24:38","1011","closed","Managed ledger admin docs (WIP)","2"
"712","merlimat","30/11/2017 04:10:09","928","closed","Fixed Apache RAT exclusions","6"
"276","rdhabalia","20/4/2017 06:23:05","367","closed","Refactor dispatchers getting next consumer with consumer priority","3"
"513","merlimat","9/8/2017 15:46:13","664","closed","Fixed broken links to admin-api/overview","5"
"101","sschepens","2/12/2016 21:41:06","139","closed","Support online consumer cursor reset","5"
"473","merlimat","28/7/2017 08:32:35","606","closed","Added Jenkins setup for building C++ client","1"
"646","merlimat","24/10/2017 07:29:52","849","closed"," Implement seekToBeginning()/end operations in Kafka consumer wrapper ","2"
"69","sschepens","1/11/2016 04:01:14","95","closed","Add Redelivery rates to Consumer and Subscription stats","1"
"1059","mgodave","14/3/2018 23:33:17","1381","closed","Schema registry 4/N","13"
"1044","zhaijack","10/3/2018 20:01:02","1365","closed","Delete PartitionedConsumerImpl, use TopicsConsumerImpl instead","5"
"878","lucperkins","4/2/2018 04:22:25","1172","closed","Improve retention and expiry documentation (WIP)","3"
"320","rdhabalia","20/5/2017 10:15:22","425","closed","Add GrowablePriorityLongPairQueue and tests","18"
"1062","jerrypeng","15/3/2018 06:22:13","1385","closed","remove function package on function delete","2"
"942","jai1","18/2/2018 13:45:52","1246","closed"," Separating configuration for client and server trust store","2"
"115","rdhabalia","30/12/2016 06:45:44","157","closed","recycle OpSendMsg after releasing payload","1"
"415","rdhabalia","29/6/2017 07:58:23","538","closed","PIP-2: Introduce non-persistent topics","31"
"97","rdhabalia","1/12/2016 06:18:44","129","closed","Add binary-protocol lookup url in documentation","8"
"108","rdhabalia","16/12/2016 08:52:04","147","closed","Uri encoding for http topic lookup","1"
"729","rdhabalia","9/12/2017 03:12:51","952","closed","Reduce duplicate string allocation for GC improvements","5"
"408","yush1ga","27/6/2017 01:56:03","530","closed","Support wildcard in permitted role name","8"
"59","merlimat","25/10/2016 06:40:42","82","closed","Use local broker address as serviceURL when running WebSocket component embedded in broker","3"
"782","ivankelly","8/1/2018 22:37:54","1039","closed","Serialization and Deserialization for RawMessage","2"
"589","rdhabalia","21/9/2017 04:52:46","772","closed","Fix Intermittent test failure for MessageDispatchThrottlingTest","1"
"689","yush1ga","15/11/2017 03:20:46","901","closed","Introduce configuration converter","5"
"127","krumo","19/1/2017 09:56:03","169","closed","Update AdminTools.md","3"
"555","jai1","30/8/2017 10:01:30","727","closed","Admin Tool: Adding support to peek batch Messages","8"
"982","sijie","27/2/2018 10:15:38","1295","closed","Use log4j2 as slf4j binding for tests","1"
"1079","cckellogg","18/3/2018 09:11:32","1404","closed","Make admin client namepsaces work with v2 rest endpoints.","1"
"682","hrsakai","8/11/2017 10:30:40","892","closed","Fix ReaderHandler in WebSocket Proxy","1"
"674","merlimat","4/11/2017 03:55:52","882","closed","Use thread local to allocate temp byte[] instead of allocator","3"
"567","merlimat","7/9/2017 00:50:51","744","closed","Add user-defined properties to cursor position","3"
"11","merlimat","17/9/2016 05:49:33","17","closed","Fixed stats buffer rotation","2"
"630","merlimat","14/10/2017 08:14:48","828","closed","Use ZK watches to cach non-existing z-nodes","4"
"44","rdhabalia","14/10/2016 06:55:22","61","closed","avoid synchronization for method that blocks while fetching zero-queue message","2"
"1144","merlimat","3/4/2018 07:57:24","1488","closed","Load manager should offload multiple bundles when overloaded","4"
"821","lucperkins","24/1/2018 07:18:19","1098","closed","Consolidate deployment assets into a single directory","1"
"659","rdhabalia","27/10/2017 08:21:23","865","closed","Cleanup load-manager configuration and make ModularLoadManager default load-manager","4"
"739","nkurihar","13/12/2017 15:17:45","964","closed","Fix SHA extension","1"
"676","rdhabalia","4/11/2017 04:15:53","884","closed","Restrict partitioned-metadata rest-api access for cpp-client older than 1.21","7"
"153","hefeiyun","13/2/2017 16:11:13","205","closed","Update GettingStarted.md","3"
"1094","sijie","23/3/2018 11:08:57","1424","closed","Improve batch message acking by removing batch message tracker","5"
"778","Licht-T","7/1/2018 23:41:34","1033","closed","Implement TopicMetadata for MessageRouter in C++ client","9"
"875","jai1","3/2/2018 07:43:53","1169","closed","Proxy forward auth data","10"
"279","merlimat","21/4/2017 06:56:07","371","closed","Introduce topic reader in client API","12"
"944","jai1","18/2/2018 18:13:10","1248","closed","Start Proxy in TLS only mode.","12"
"214","merlimat","15/3/2017 05:50:47","294","closed","Add endpoint to fetch stats for Prometheus","8"
"9","merlimat","13/9/2016 07:17:37","11","closed","Expose broker URLs in loadbalancer registration node","4"
"847","ivankelly","30/1/2018 00:06:20","1132","closed","Explicitly set zookeeper version in broker","4"
"741","rdhabalia","15/12/2017 02:57:20","982","closed","Retry on failure of ledger-deletion and avoid running callback in executor","6"
"716","rdhabalia","2/12/2017 15:57:59","934","closed","Avoid dead-lock on broker service when broker failed to load managed-ledger","1"
"543","rdhabalia","24/8/2017 05:44:06","714","closed","add msgAck and redelivery debug-logs And add topic-name in debug-logs","2"
"5453","odidev","20/8/2020 02:01:11","7854","closed","Add support for aarch64","4"
"736","zhaijack","12/12/2017 20:28:12","961","closed","Issue 922: allow run bookie together with broker","11"
"1130","cckellogg","30/3/2018 03:34:31","1470","closed","Fix topic deletion for V2 topics.","1"
"85","merlimat","17/11/2016 06:34:54","115","closed","[#114] Process ZK event from background thread to avoid deadlock on ZK sync operations","1"
"592","merlimat","21/9/2017 07:59:39","775","closed","Fixed the jar name for the aspectjweaver","1"
"948","yush1ga","20/2/2018 12:53:45","1255","closed","Add namespace policy for max clients","5"
"281","merlimat","21/4/2017 08:02:24","373","closed","Fixed travis release yaml configuration. Fix for #340","2"
"95","merlimat","30/11/2016 04:25:54","127","closed","Updated to BK-4.3.1.45-yahoo","1"
"687","yush1ga","11/11/2017 06:23:48","899","closed","Add subscription auth mode by prefix","5"
"1041","lucperkins","9/3/2018 02:31:03","1362","closed","More Pulsar Functions documentation","2"
"519","hrsakai","10/8/2017 11:24:50","672","closed","Support setting private key content in athenz client plugin","7"
"965","ivankelly","23/2/2018 23:25:30","1275","closed","Docker image for integration testing","2"
"302","merlimat","13/5/2017 09:04:16","403","closed","Fixed websocket proxy stats license headers","2"
"172","rdhabalia","22/2/2017 11:36:43","232","closed","Avoid triggering startReplProducer on newAddProducer as it may flips replicator state wrongly","4"
"840","merlimat","27/1/2018 09:26:23","1123","closed","Configure a max producer/consumer queue size enforced across partitions","3"
"30","maskit","29/9/2016 17:55:45","46","closed","Correct an invalid null check","1"
"21","merlimat","23/9/2016 05:07:24","35","closed","In managed ledger BK test, wait for background ledger roll-over to complete before shutting down","1"
"521","merlimat","11/8/2017 09:18:20","675","closed","Interrupt the Python consumer when receiving SIGINT","1"
"927","merlimat","13/2/2018 08:36:16","1227","closed","Regenerated the PulsarApi from proto with latest protoc","1"
"3","JGailor","9/9/2016 05:12:18","4","closed","Explicitly calling out the need to close the client in both the produ…","3"
"324","yush1ga","23/5/2017 18:54:05","430","closed","Move websocket performance client and fix bugs","2"
"774","Licht-T","4/1/2018 19:51:56","1029","closed","Fix MessageRouter hash inconsistent on C++/Java client","17"
"255","saandrews","11/4/2017 08:08:37","344","closed","Fixes to some of the issues reported by fbinfer static code analyzer","3"
"1126","lucperkins","29/3/2018 05:12:18","1466","closed","Topic compaction documentation","32"
"165","merlimat","18/2/2017 03:21:39","221","closed","Fixed race condition on client reconnection logic","3"
"56","merlimat","24/10/2016 06:26:17","76","closed","Async ZooKeeper cache implementation","19"
"151","merlimat","12/2/2017 10:15:14","203","closed","Fixed Discovery Service initialization of global zk cache","2"
"984","jai1","27/2/2018 16:23:58","1297","closed","Add Configuration to set tlsClientAuth","19"
"820","merlimat","24/1/2018 06:41:16","1097","closed","Validate expected types in Python code wrapper","3"
"639","massakam","19/10/2017 12:46:49","841","closed","Change timezone of request log from GMT to local one","1"
"209","merlimat","11/3/2017 08:48:11","288","closed","Extending ZK version wrapper to include ctime and mtime","1"
"74","sschepens","2/11/2016 05:10:34","101","closed","Increment permits when redelivering messages from incomingMessages","20"
"937","rdhabalia","16/2/2018 10:02:10","1241","closed","Add REST api to check host-status for adding/removing from vip","6"
"620","kyontan","4/10/2017 11:07:55","812","closed","Add method to returns bytes type in Python client","3"
"868","mgodave","1/2/2018 06:59:04","1161","closed","Remove deprecation warnings related to access of PoolArenaMetric","1"
"138","rdhabalia","31/1/2017 11:04:20","183","closed","Configure split-bundle task interval different than loadReportGenerationTask-interval","2"
"34","sboobna","6/10/2016 05:55:01","50","closed","Handle concurrent open cursor requests","3"
"418","rdhabalia","30/6/2017 09:32:25","541","closed","Message size validation on post compression","4"
"245","bobbeyreese","6/4/2017 03:02:36","332","closed","Fix Bugs Introduced by New Load Manager","14"
"205","rdhabalia","10/3/2017 10:17:40","284","closed","reduce collection instances while generating metrics","1"
"947","sijie","20/2/2018 09:46:18","1254","closed","Use advertisedAddress for bookies in pulsar standalone","3"
"972","yush1ga","26/2/2018 15:16:05","1283","closed","Add prefix setting for C++/Python reader","1"
"761","sijie","23/12/2017 07:59:51","1010","closed","Fix Incremental long crc32c","1"
"67","merlimat","29/10/2016 02:52:33","92","closed","Fix #91 - Intermittent test failure on SimpleProducerConsumerTest.testSharedConsumerAckDifferentConsumer","3"
"325","merlimat","25/5/2017 07:28:37","431","closed","Configure to use less memory for short-lived CLI tools","1"
"90","rdhabalia","21/11/2016 10:45:28","122","closed","Fix: split-package conflict while server startup","1"
"673","jerrypeng","3/11/2017 09:05:59","881","closed","updating Storm version in Pulsar","5"
"1060","srkukarni","15/3/2018 02:03:22","1382","closed","Correlate Output of function with input","1"
"904","rdhabalia","8/2/2018 05:57:13","1200","closed","Add pluggable authorization mechanism","8"
"443","rdhabalia","15/7/2017 07:23:50","569","closed","Revert back to default ZookeeperClientFactoryImpl","3"
"387","merlimat","21/6/2017 02:42:30","503","closed","Add extra wait to avoid intermittent failures in OwnershipCacheTest","1"
"256","bobbeyreese","12/4/2017 05:15:16","345","closed","Add load shedding strategy","10"
"783","rdhabalia","9/1/2018 06:22:44","1040","closed","Add NoSuchEntryException as not-recoverable error for cursor-recovery","1"
"484","merlimat","3/8/2017 01:50:19","625","closed","Enable/Disable compilation of dynamic lib for C++ client","2"
"334","bradtm","1/6/2017 06:42:20","442","closed","Remove broker weights for ModularLoadManager","1"
"558","jai1","31/8/2017 02:31:42","730","closed","CPP Client: Deprecated few APIs that cant be used with batch messages","3"
"540","rdhabalia","22/8/2017 06:32:06","710","closed","add get bundle api for a given topic-name","1"
"39","sboobna","11/10/2016 07:46:12","55","closed","Unack message tracker for pre-fetched messages","7"
"168","rdhabalia","18/2/2017 08:54:54","225","closed","Add lookup throttling in cpp-client","2"
"598","rdhabalia","22/9/2017 07:18:59","782","closed","Add admin-api to unload a specific topic","2"
"471","merlimat","28/7/2017 01:14:55","604","closed","Removed duplicated links","1"
"526","rdhabalia","12/8/2017 08:35:42","680","closed","Upgrade to log4j2 dependency and configuration","17"
"1051","jerrypeng","13/3/2018 13:53:48","1373","closed","Functions metrics prometheus","9"
"287","jai1","24/4/2017 16:25:48","379","closed","Changes to create wrapper for CPP client","2"
"524","merlimat","12/8/2017 02:21:45","678","closed","Fixed Maven test jars warnings","2"
"1109","ivankelly","26/3/2018 23:15:39","1442","closed","Revert ""Recycle OpAddEntry when ledger-ops fails (#1415)""","4"
"312","merlimat","17/5/2017 09:26:16","415","closed","Fixed ZK configuration instructions","1"
"167","yush1ga","18/2/2017 08:15:18","224","closed","Add TLS authentication end to end tests","9"
"290","bobbeyreese","26/4/2017 08:12:38","385","closed","Add bundle split capabilities in ModularLoadManagerImpl","3"
"494","merlimat","5/8/2017 07:52:15","641","closed","Added missing copyright notice for Circe library","3"
"469","merlimat","27/7/2017 07:33:24","602","closed","Fix #601: Use long when calling curl_easy_getinfo in tests","1"
"300","rdhabalia","10/5/2017 09:24:32","399","closed","Dispatcher blocks dispatching once unackMsgs reached max limit","21"
"118","rdhabalia","4/1/2017 05:48:51","160","closed","Support url/uri encoding of topic-name for http-request","2"
"793","sijie","11/1/2018 02:40:23","1052","closed","Move zookeeper/bookkeeper from dependency management and only specify the dependency when they are used","1"
"317","rdhabalia","19/5/2017 02:46:16","420","closed","Add max per-broker unacked message limit","10"
"1133","rdhabalia","30/3/2018 09:28:15","1473","closed","use v1 admin api for anti-affinity cluster endpoint","6"
"702","nha","19/11/2017 03:51:44","914","closed","feat: shaded broker","4"
"1101","lucperkins","24/3/2018 06:59:15","1431","closed","Additional checks for Pulsar Function jar submission","3"
"126","rdhabalia","18/1/2017 07:35:38","168","closed","Generalize PulsarConfigurationLoader","8"
"194","jai1","2/3/2017 07:51:10","266","closed","Added g++-4.4 to travis build","1"
"360","bradtm","15/6/2017 05:30:53","475","closed","ModularLoadManagerImpl does not remove preallocated bundles","1"
"99","rdhabalia","2/12/2016 04:13:51","131","closed","Cleanup pending lookup request on connection close","1"
"883","merlimat","6/2/2018 01:43:26","1178","closed","Validate topic name on broker side","4"
"629","rdhabalia","14/10/2017 05:43:51","826","closed","Avoid bundle-split with old load-report","1"
"367","rdhabalia","16/6/2017 04:24:26","483","closed","Add debug statement for redelivery message for troubleshoot","9"
"588","rdhabalia","21/9/2017 02:19:37","771","closed","Fix Intermittent test failure for MessageDispatchThrottlingTest","2"
"41","merlimat","12/10/2016 03:38:14","57","closed","Print current running unit test in pulsar-broker","1"
"439","sschepens","13/7/2017 23:49:38","564","closed","Set timeouts on admin requests","5"
"206","hrsakai","10/3/2017 14:20:21","285","closed","translate documents into japanese","9"
"46","maskit","14/10/2016 14:29:47","64","closed","Use threadsafe formatter","1"
"224","jai1","22/3/2017 14:19:42","305","closed","Async call for broker stats","5"
"719","lucperkins","6/12/2017 00:17:25","939","closed","Fix broken sidebar links","1"
"586","merlimat","20/9/2017 07:58:38","769","closed","Dont reuse JVM forks when running tests","1"
"572","merlimat","8/9/2017 11:58:03","751","closed","Broker side deduplication","14"
"53","sschepens","18/10/2016 23:34:25","72","closed","Add numMessagesInQueue and getAvailablePermits for PartitionedConsumer","3"
"32","rdhabalia","30/9/2016 07:02:19","48","closed","Add unack-message threshold to restrict consumer for receiving messages without acknowledging-msg up to the threshold","9"
"336","rdhabalia","1/6/2017 08:38:36","444","closed","add log and cleanup failed non-durable subscription","2"
"275","merlimat","20/4/2017 01:27:02","366","closed","NonDurable cursor for managed ledger","3"
"247","hefeiyun","6/4/2017 15:03:38","334","closed","Update README.md","1"
"136","rdhabalia","31/1/2017 10:32:51","181","closed","Add server-side lookup throttling","6"
"139","saandrews","1/2/2017 15:04:32","185","closed","Added pulsar C++ client","12"
"12","radekg","19/9/2016 05:08:18","21","closed","Fix the cluster setup instructions.","11"
"593","merlimat","21/9/2017 08:33:46","777","closed","Fix ClientDeduplicationTest intermittent failure with parallel tests","1"
"293","jai1","29/4/2017 07:12:17","390","closed","Shaded AsyncHttpClient in pulsar client","1"
"869","mgodave","1/2/2018 07:06:11","1162","closed","Project-wide Checkstyle Config","3"
"1120","lucperkins","28/3/2018 06:01:15","1457","closed","Schema registry documentation","4"
"1033","zhaijack","8/3/2018 00:11:26","1354","closed","Issue 1118: refine HandlerBase to let only ConsumerImpl and ProducerImpl have client-cnx","3"
"672","jai1","3/11/2017 08:10:00","880","closed","CPP Client - Athens Client header visibile and remove C++11 features","1"
"154","rdhabalia","14/2/2017 04:22:06","208","closed","Add LoadBalancer and OwnershipCache factory to support dual write/read to local_zk and data_zk","2"
"234","yush1ga","28/3/2017 11:53:12","319","closed","Add api to get list of partitioned topics","5"
"1040","ivankelly","8/3/2018 23:35:34","1361","closed","Add compactedOut flag for batched messages","1"
"731","merlimat","12/12/2017 04:01:20","955","closed","Upgrade Jackson dependency to 2.9.3","1"
"474","merlimat","29/7/2017 09:59:11","607","closed","Maven artifacts relases into Apache","2"
"899","merlimat","7/2/2018 16:49:19","1195","closed","Ensure the checksum is not stripped after validation in the broker","5"
"654","rdhabalia","26/10/2017 07:58:18","860","closed","add query-param for websocket-readme","5"
"332","massakam","31/5/2017 09:55:05","440","closed","Enable PulsarAdmin to trust multiple certificates","1"
"748","ivankelly","20/12/2017 23:18:13","993","closed","Add utility to explode raw batch into individual messages","1"
"675","merlimat","4/11/2017 04:13:02","883","closed","Do not used Pooled allocator for stats buffers","2"
"33","rdhabalia","30/9/2016 09:47:20","49","closed","Fix incremental checksum computation for crc","3"
"969","merlimat","25/2/2018 02:00:46","1280","closed","Removing references for ""destination"" names","1"
"549","tkb77","29/8/2017 11:55:29","721","closed","Parse authParamsString on plugin side","16"
"185","jai1","1/3/2017 07:12:21","254","closed","Java Client - Support for getting consumer stats from broker","29"
"380","nkurihar","20/6/2017 08:58:28","496","closed","Fix ProxyPublishConsumeTlsTest","3"
"215","rdhabalia","16/3/2017 07:51:33","295","closed","Check zk-version before removing ownership node","7"
"1107","sijie","26/3/2018 08:57:57","1440","closed","Update default values for a few publisher settings","2"
"130","rdhabalia","26/1/2017 08:08:33","174","closed","Unload bundle: close topic forcefully and enable bundle on ownership removal failure","1"
"270","rdhabalia","18/4/2017 07:19:57","361","closed","Avoid using zk-client thread to process zk-data result","4"
"23","merlimat","24/9/2016 03:35:12","37","closed","Added log4j with info logs for pulsar-broker unit tests","3"
"898","merlimat","7/2/2018 11:00:07","1194","closed","Fixed apache rat errors","2"
"486","merlimat","3/8/2017 05:03:26","627","closed","Reduce thread executor pool sizes when running unit tests","2"
"435","merlimat","13/7/2017 05:11:42","560","closed","Upgrdate JNA library to 4.2.0","1"
"625","rdhabalia","13/10/2017 08:28:17","822","closed","Update bundle-cache on split-bundle and avoid disabling main bundle","1"
"1145","merlimat","3/4/2018 13:10:08","1489","closed","Refactored to reflect changes in BK for OrderedExecutor","2"
"617","massakam","3/10/2017 10:14:25","807","closed","Prevent message duplication when active consumer is changed","12"
"351","jai1","10/6/2017 01:29:11","463","closed","Blocking queue","1"
"116","rdhabalia","4/1/2017 03:46:40","158","closed","Fix: Fair message consumption from all partitions in partitioned-cons…","4"
"765","rdhabalia","28/12/2017 06:25:34","1015","closed","Add customize zookeeper-shell to read binary-managed-ledger","5"
"970","merlimat","25/2/2018 03:53:08","1281","closed","Renamed destination to topic in C++ code","1"
"887","Licht-T","6/2/2018 07:29:59","1182","closed","Remove constexpr from C++ client","1"
"959","zhaijack","22/2/2018 08:36:37","1269","closed","Issue #1237: support builder for topicsConsumer","9"
"837","lucperkins","27/1/2018 03:31:36","1120","closed","Reader interface docs update","1"
"431","jai1","8/7/2017 07:33:06","556","closed","CPP Client - Reducing number of duplicate lookups","3"
"433","rdhabalia","11/7/2017 10:39:41","558","closed","add batch_msg + replace yahoo with apache","2"
"877","merlimat","3/2/2018 18:12:36","1171","closed","Fixed managed ledger missing callback issue when unloading a topic","1"
"911","merlimat","9/2/2018 14:50:33","1209","closed","Fixed missing "" sign in system metrics for Prometheus","1"
"491","rdhabalia","3/8/2017 14:04:22","634","closed","PIP-3 : Introduce message-dispatch rate limiting","22"
"734","hrsakai","12/12/2017 09:37:02","958","closed","Dont create client when authentication fails on websocket proxy","1"
"299","bradtm","6/5/2017 03:40:52","397","closed","Add ability to filter brokers based on their build version","15"
"1113","srkukarni","27/3/2018 04:41:42","1447","closed","Send Log statements to log Topic for Java Functions","2"
"855","merlimat","30/1/2018 06:59:19","1141","closed","Some clarifications on Retention documentation","1"
"605","yush1ga","26/9/2017 10:07:45","792","closed","Modify AuthFactory for C++ Client to enable each plugin to parse authPramsString","2"
"92","rdhabalia","22/11/2016 10:05:20","124","closed","Add blockedConsumerOnUnackedMsgs flag in consumer-stats","2"
"436","rdhabalia","13/7/2017 06:55:21","561","closed","Fix: CPP release baseCommand after serializing it","13"
"967","jerrypeng","24/2/2018 07:57:08","1277","closed","fix bug in seek if no messages in topic","1"
"870","ivankelly","1/2/2018 07:52:22","1163","closed","Debump netty version by 1 due to ObjectCleaner bug","2"
"910","rdhabalia","9/2/2018 10:58:54","1208","closed","Add hostname-verification at client tls connection","9"
"263","jai1","13/4/2017 16:19:32","353","closed","Fixed Null Pointer Exception in handleLookup","3"
"998","sijie","1/3/2018 16:29:21","1314","closed","PIP-15: Pulsar Functions","9"
"949","massakam","20/2/2018 17:26:59","1256","closed","Fix bug that consumer which specify incorrect subscription hangs up w…","1"
"836","merlimat","26/1/2018 07:26:20","1116","closed","Increase client setting concurrentLookupRequest default to 50K","1"
"197","msb-at-yahoo","3/3/2017 06:22:04","273","closed","Close HTTP client connection upon server error or per HTTP spec","1"
"999","mgodave","2/3/2018 03:59:53","1315","closed","Remove deprecated newConnect methods","2"
"1064","sijie","15/3/2018 09:46:46","1387","closed","Build batching-awareness into round-robin message router","1"
"711","rdhabalia","30/11/2017 04:07:21","927","closed","Fix: failed producer creation leak","1"
"665","rdhabalia","31/10/2017 09:03:12","872","closed","Fix: Non-persistent topic race condition while acking dropped message","1"
"759","mgodave","23/12/2017 03:05:21","1008","closed","Allow user to specify listener on subscriber or creation of reader","6"
"768","rdhabalia","29/12/2017 10:32:34","1020","closed","Inject system-env variables to pulsar configuration","6"
"482","rdhabalia","2/8/2017 08:00:33","619","closed","make batch-ack thread-safe","6"
"1036","lucperkins","8/3/2018 05:56:43","1357","closed","Pulsar Functions documentation follow-up","3"
"149","jai1","11/2/2017 05:57:26","201","closed","Set minimum level to DEBUG in log4j.properties","1"
"577","rdhabalia","14/9/2017 04:55:54","758","closed","Add option to persist unack-msg range to cursor-ledger if range is high","4"
"73","rdhabalia","1/11/2016 14:39:44","99","closed","Fix: broken websocket test and proxy-producer error handling","3"
"103","rdhabalia","8/12/2016 05:38:10","141","closed","signSafeMod while getting next-broker index in discovery service","1"
"1085","lucperkins","22/3/2018 00:52:55","1413","closed","Fix Ruby version error","2"
"239","bobbeyreese","31/3/2017 04:54:12","325","closed","Add documentation for changing load manager","3"
"121","rdhabalia","10/1/2017 17:58:31","163","closed","Retry on failure of Unloading-namespace bundle","3"
"88","merlimat","18/11/2016 08:29:30","120","closed","Upgrade to BK-4.3.1.42-yahoo","2"
"420","yush1ga","1/7/2017 01:23:16","543","closed","Added documents for wildcard matching in authorization","5"
"461","merlimat","25/7/2017 01:45:01","592","closed","Added script to sign release artifacts","1"
"561","sijie","31/8/2017 16:37:38","736","closed","Issue #735: Event Time support in c++ client","5"
"525","merlimat","12/8/2017 07:13:59","679","closed","Refactored usages of deprecated classes","4"
"1046","ivankelly","12/3/2018 23:05:49","1367","closed","Rest endpoint for triggering compaction","3"
"845","saandrews","29/1/2018 14:22:58","1129","closed","Added end to end encryption in C++ client","14"
"755","jai1","22/12/2017 01:13:46","1002","closed","Making Pulsar Proxy more secure","40"
"1031","yush1ga","7/3/2018 13:24:02","1352","closed","Delete inactive subscriptions automatically","20"
"650","merlimat","25/10/2017 07:42:22","854","closed","Allow to configure the default number of bundles for new namespaces","2"
"291","rdhabalia","28/4/2017 05:42:02","387","closed","Pass client library version to broker and show on stats","1"
"15","rdhabalia","21/9/2016 01:57:38","27","closed","Refactoring Discovery Service and Https support","1"
"226","massakam","23/3/2017 09:46:29","310","closed","Fix typo in ConsumerHandler","1"
"843","zhaijack","28/1/2018 15:43:58","1127","closed","Issue #1119: move dockerfile for pulsar dcos prometheus into pulsar repo","1"
"48","rdhabalia","18/10/2016 02:54:12","67","closed","Reduce Dispatcher-totalPermits by number of messages delivered in batch","3"
"447","merlimat","18/7/2017 04:43:14","575","closed","Build and publish docker images","2"
"842","merlimat","28/1/2018 08:00:37","1125","closed","Added missing C++ enum values","4"
"298","jai1","6/5/2017 02:00:47","396","closed","Removing blockIfQueueFull option from WebSocket Proxy Server","7"
"81","rdhabalia","12/11/2016 07:12:31","108","closed","Fix typo in pulsar-admin","1"
"61","merlimat","26/10/2016 00:54:20","84","closed","Added badge image with latest Pulsar version from Maven central","1"
"1043","merlimat","10/3/2018 01:14:03","1364","closed","Added slides for Effectively-once semantics in Apache Pulsar","1"
"691","rdhabalia","15/11/2017 10:18:33","903","closed","PIP-8: Introduce peer cluster for global namespace redirection","6"
"954","rdhabalia","21/2/2018 07:33:29","1262","closed","Broker should not start replicator for root partitioned-topic","4"
"697","merlimat","18/11/2017 02:43:21","909","closed","Fixed date-time format used in stats","4"
"721","lovelle","6/12/2017 10:50:59","942","closed","Bugfix: duplicate messages for PartitionedConsumers.","4"
"800","Licht-T","13/1/2018 22:45:19","1063","closed","ENH: Add code formatter for Java","4"
"204","saandrews","10/3/2017 05:00:48","283","closed","Release ping/pong command buffer","10"
"5","merlimat","12/9/2016 08:41:00","6","closed","Added configuration to upload binaries to maven-central","2"
"104","rdhabalia","8/12/2016 09:19:22","142","closed","Stop consuming messages from consumer-listener if incoming-queue is cleared","6"
"1032","srkukarni","7/3/2018 14:40:43","1353","closed","Have the ability to send log messages to a topic in Python","3"
"171","sschepens","22/2/2017 03:26:36","231","closed","Fix reset on closed cursors","2"
"796","sschepens","11/1/2018 22:56:19","1056","closed","DoubleByteBuf fix for Netty > 4.1.12","15"
"397","merlimat","23/6/2017 01:54:39","518","closed","Updates headers with ASF source files header.","1"
"604","merlimat","26/9/2017 08:29:36","791","closed","Correctly process the ack for a message that was outstanding on a dif…","2"
"807","merlimat","18/1/2018 07:52:36","1078","closed","Re-implement DoubleByteBuf as a simple holder of a pair of buffers","6"
"624","yush1ga","12/10/2017 16:02:20","820","closed","Added setting for anonymous user role","9"
"179","jai1","25/2/2017 04:17:59","243","closed","Corrected test case","1"
"562","sijie","31/8/2017 16:42:04","737","closed","Update `protobuf/README.md`","2"
"686","ArvinDevel","10/11/2017 21:09:57","898","closed","E2e in perf-consumer","6"
"636","merlimat","18/10/2017 06:38:25","836","closed","In C++ partitioned consumer, do not append partition index in subscription name","5"
"297","merlimat","3/5/2017 08:12:55","394","closed","Remove Managed Ledger metadata text format","8"
"681","hrsakai","8/11/2017 09:57:47","891","closed","Fixed typo","1"
"361","rdhabalia","15/6/2017 07:24:12","476","closed","Make broker configurable to own non-persistent namespace","2"
"303","rdhabalia","14/5/2017 15:25:53","405","closed","add ConcurrentLongPairSet and test","8"
"105","merlimat","8/12/2016 14:26:15","143","closed","Include DataSketches metrics provider for bookie stats","1"
"402","merlimat","24/6/2017 02:55:02","524","closed","Package name changes","3"
"785","ivankelly","10/1/2018 00:37:23","1042","closed","Update maven compiler plugin to newest version","3"
"804","hrsakai","17/1/2018 16:38:57","1073","closed","Support Url Encode in Athenz auth params","1"
"643","merlimat","21/10/2017 03:13:12","846","closed","Publish the shaded pulsar-client as the default dependency","6"
"472","jai1","28/7/2017 05:58:57","605","closed","CPP Client - Added -std=c++11 flag","3"
"444","merlimat","15/7/2017 08:53:47","570","closed","Simplified the instantiation of Netty EventLoopGroup","3"
"537","rdhabalia","19/8/2017 05:42:41","706","closed","Add missing lib instrunction for pulsar-ml-admin tool","1"
"233","rdhabalia","28/3/2017 04:53:18","318","closed","Make EntryImpl recyclable to improve gc at broker","16"
"889","rdhabalia","6/2/2018 14:30:47","1184","closed","Add connection timeout for binary lookup request","2"
"1115","merlimat","27/3/2018 07:46:26","1449","closed","When running standalone broker, force the proxy redirection flag","1"
"93","rdhabalia","22/11/2016 13:01:14","125","closed","exclude: conflicting artifact from async-http-client to avoid split-package conflict","5"
"89","rdhabalia","19/11/2016 08:34:29","121","closed","Fix: Error-log noise and split-package conflict while server startup","3"
"252","jai1","8/4/2017 02:25:17","339","closed","BrokerConsumerStats - refactored the server side logic to get stats.","7"
"343","rdhabalia","7/6/2017 15:25:48","452","closed","Introduce non-persistent topic and tests","3"
"31","yush1ga","29/9/2016 18:11:20","47","closed","Revise null check of ServiceConfigureUtils","1"
"327","merlimat","26/5/2017 06:36:44","433","closed","Topic termination","3"
"253","rdhabalia","11/4/2017 05:29:26","341","closed","Add stats and monitoring for websocket proxy","2"
"14","radekg","20/9/2016 20:50:55","26","closed","Removes bindOnLocalhost=boolean. Adds bindAddress and advertisedAddress.","24"
"692","nkurihar","16/11/2017 09:35:29","904","closed","Check message encryption when producer connect and publish","1"
"581","merlimat","17/9/2017 15:55:50","763","closed","Cpp producer sequence id changes","5"
"1121","merlimat","28/3/2018 10:29:47","1461","closed","If cursor update to BK fails, fallback to meta store","2"
"109","rdhabalia","17/12/2016 08:51:14","148","closed","Support url/uri encoding of topic-name for http-request","5"
"884","merlimat","6/2/2018 01:56:05","1179","closed","Avoid printing exception stack trace on lookup connection failures","2"
"722","massakam","6/12/2017 13:13:14","943","closed","Start receiving messages after WebSocket session established","1"
"133","rdhabalia","28/1/2017 10:58:14","177","closed","Return correct error code on create-producer/consumer is not complete yet","5"
"953","lucperkins","21/2/2018 06:25:36","1261","closed","Pulsar CLI help changes","3"
"609","rstout610","27/9/2017 07:46:13","796","closed","Fix typo in bookkeeper.yaml","1"
"416","jai1","29/6/2017 08:14:22","539","closed","C++ unit tests in less than a minute","4"
"195","rdhabalia","2/3/2017 12:04:47","270","closed","Handle unknown exception on authorization check","1"
"1134","rdhabalia","30/3/2018 09:30:57","1474","closed","Avoid creating failure-domain for cluster which doesnt exist","1"
"1153","rdhabalia","5/4/2018 05:15:18","1499","closed","add Boolean type in DefaultSerDe","1"
"199","jai1","4/3/2017 06:21:22","275","closed","Fix for Infinite loop in PersistentReplicator.startProducer()","3"
"372","merlimat","18/6/2017 04:47:47","488","closed","Run unit tests in isolated processes","12"
"369","jai1","17/6/2017 07:40:29","485","closed","CPP Client - Added Stats","10"
"441","rdhabalia","14/7/2017 03:05:11","566","closed","Fix test : avoid multiple registration of zkClient-aspect in test","5"
"339","nkurihar","2/6/2017 10:51:13","447","closed","Fix DoubleByteBuf to send large size messages in TLS mode","1"
"600","rdhabalia","23/9/2017 09:24:31","785","closed","Admin-api to reset cursor by position","4"
"243","bobbeyreese","4/4/2017 06:34:34","329","closed","Use historical data from old API in new API","2"
"772","sijie","4/1/2018 11:33:15","1026","closed","Expose sequenceId in message","3"
"1047","DanielFerreiraJorge","13/3/2018 00:02:45","1368","closed","Allow to set BacklogQuota when RetentionSizeInMB is set to -1","1"
"335","merlimat","1/6/2017 08:16:25","443","closed","Add Docker images definition and instruction to deploy on Kubernetes","8"
"740","ivankelly","13/12/2017 22:46:27","979","closed","MockZooKeeper watches for non-existing znode","1"
"7","merlimat","13/9/2016 02:49:48","9","closed","Fixed more test that were flickering on the Travis CI build","5"
"301","yush1ga","10/5/2017 09:47:32","400","closed","Add options to admin tool","3"
"1011","sijie","5/3/2018 13:54:51","1329","closed","Support running function worker along with broker","14"
"757","rdhabalia","22/12/2017 09:09:26","1005","closed","Load-balancer consider max-topic threshold on broker-ownership selection","1"
"771","sijie","4/1/2018 11:17:51","1025","closed","Issue 1024: Message Router should take `numPartitions` as parameter in choosing partition","4"
"827","merlimat","25/1/2018 04:15:18","1107","closed","Log only first exception in the connection exception handler","1"
"254","bobbeyreese","11/4/2017 08:01:30","343","closed","Fix bug causing removed brokers to be considered as candidates","3"
"78","rdhabalia","10/11/2016 06:20:55","105","closed","Support Topic lookup using Pulsar binary protocol","1"
"573","merlimat","10/9/2017 06:33:45","753","closed","Kafka client Java API wrapper","29"
"159","merlimat","16/2/2017 03:40:25","214","closed","Issue #206: Fixed flaky web socket proxy test","1"
"994","ivankelly","1/3/2018 05:53:27","1310","closed","Utilities for arquillian integration tests","1"
"852","mgodave","30/1/2018 05:52:11","1137","closed","Schema registry","21"
"432","lucperkins","11/7/2017 04:01:42","557","closed","New website and documentation","20"
"250","jai1","7/4/2017 07:06:41","337","closed","Removed ability to disable connection pool","5"
"619","rdhabalia","4/10/2017 06:21:34","810","closed","Fix testActiveAndInActiveConsumerEntryCacheBehavior","1"
"890","merlimat","6/2/2018 14:41:48","1185","closed","Fixed storage latency stats with Prometheus","2"
"20","merlimat","23/9/2016 01:42:44","34","closed","Synchronized producer cleanup during close operation","4"
"865","sijie","31/1/2018 10:07:58","1156","closed","Introduce ActiveConsumerListener for realizing if a consumer is active in a failover subscription group","17"
"1061","cckellogg","15/3/2018 04:18:06","1384","closed","Prepare admin client to support v2 api.","1"
"1","merlimat","8/9/2016 02:52:22","2","closed","Configure Travis CI build","3"
"76","rdhabalia","4/11/2016 06:56:06","103","closed","Fix: complete MessageReplay immediately if there is no entry to replay which will not block further reads as current Replay is finished","1"
"962","yush1ga","23/2/2018 15:16:59","1272","closed","Add prefix setting for Java reader","1"
"106","rdhabalia","14/12/2016 06:00:45","145","closed","Use receiveAsync() to aggregate messages into shared queue for partitioned consumer","1"
"178","jai1","24/2/2017 11:22:53","242","closed","Travis Build - install xmllint and enforce backward compatibility with gcc4.4","1"
"1082","ivankelly","21/3/2018 17:31:19","1407","closed","Clarify in docs that admin is separate module","2"
"203","merlimat","9/3/2017 03:45:56","282","closed","Enable ML binary format from broker configuration","6"
"809","Licht-T","18/1/2018 19:41:17","1080","closed","ENH: Apply `make format` into C++ client","23"
"8","merlimat","13/9/2016 03:41:00","10","closed","[#7] Added Geo-Replication documentation","11"
"585","merlimat","20/9/2017 02:33:04","768","closed","[#766] - Disabling IOUtilsTest.test5() for failures","1"
"908","ivankelly","8/2/2018 17:29:03","1205","closed","Algorithm to find start point of compacted ledger","3"
"789","rdhabalia","10/1/2018 06:05:35","1046","closed","Introduce config to skip non-recoverable data-ledger","5"
"202","rdhabalia","7/3/2017 07:08:03","280","closed","fix Intermittent test failure","1"
"708","merlimat","29/11/2017 10:35:40","923","closed","Upgrade to bk-4.3.1.83-yahoo to expose journalSyncData option","1"
"455","yush1ga","20/7/2017 15:50:00","586","closed","Add athenz authentication plugin for C++ client","7"
"346","rdhabalia","8/6/2017 07:01:07","455","closed","Avoid taking mutex while calling callback on executor-thread","8"
"370","rdhabalia","17/6/2017 08:21:06","486","closed","increment bookkeeper version","4"
"71","sschepens","1/11/2016 05:25:37","97","closed","Update async-http-client","2"
"267","bradtm","18/4/2017 02:39:00","358","closed","Fix LoadManager shutdown timing issue","2"
"68","rdhabalia","29/10/2016 03:23:50","94","closed","Fix #91 intermittent test failure PulsarClientToolTest.testInitialzation","1"
"713","merlimat","30/11/2017 16:16:48","930","closed","Issue #929: Perform async DNS resolution each time attempting connect…","8"
"1002","mgodave","3/3/2018 00:27:16","1319","closed","Schema registry (2/N)","11"
"773","Licht-T","4/1/2018 17:34:45","1027","closed","BUG: Fix ProtocolBuffer output directory when building the C++ client","1"
"1023","sijie","6/3/2018 08:55:50","1344","closed","Use log4j2.xml in buildtools and specify the log4j configuration in surefire plugin","1"
"146","rdhabalia","9/2/2017 03:36:02","196","closed","Support multiple zookeeper quorum to store cluster-management-configu…","13"
"80","rdhabalia","12/11/2016 02:24:20","107","closed","Avoid setting ReplicatedFrom attribute with empty value while init batchMessageMetadata","4"
"930","ivankelly","13/2/2018 18:08:03","1231","closed","Read from compacted topic ledger if available and enabled","2"
"396","jai1","22/6/2017 12:04:31","517","closed","Reverting  commit d990b1 - changing producer queue size back to 1000","1"
"162","jai1","17/2/2017 05:51:21","218","closed","Using TLSv1 since boost1_41 supports TLS v1.0","7"
"1092","merlimat","23/3/2018 02:38:08","1422","closed","Performance consumer end-to-end latency can be negative when running …","1"
"132","rdhabalia","27/1/2017 09:37:45","176","closed","Add client and server lookup throttling","5"
"738","sschepens","13/12/2017 01:58:36","963","closed","Partitioned Consumer UnAckedMessageTracker","12"
"797","jerrypeng","12/1/2018 03:22:02","1057","closed","fixing guava imports that mistakenly use jersey.repackaged.*","1"
"514","merlimat","9/8/2017 15:47:31","665","closed","Use Docker images from apachepulsar hub org","2"
"582","merlimat","19/9/2017 03:27:35","764","closed","Use `advertisedAddress` from host IP in Kubernetes deployment","1"
"1034","mgodave","8/3/2018 01:54:38","1355","closed","Remove as many Thread.sleep calls from REST endpoint","3"
"389","rdhabalia","21/6/2017 07:12:30","507","closed","Add zk-stats instrumentation to get zk-client stats","16"
"330","bobbeyreese","31/5/2017 07:40:06","437","closed","Make cache put watch even when node doesnt exist yet","3"
"1056","lucperkins","14/3/2018 02:31:44","1378","closed","Standardize on input/output terminology for Pulsar Functions","7"
"237","jai1","30/3/2017 15:40:59","322","closed","More than one connection per broker in C++ client","13"
"348","merlimat","9/6/2017 01:17:45","460","closed","In MockZooKeeper triggers callback without holding mutex","2"
"114","rdhabalia","29/12/2016 09:33:07","156","closed","Add more debug logs to client-consumer","2"
"60","sschepens","26/10/2016 00:01:37","83","closed","Non blocking partitioned Consumers","11"
"238","jai1","30/3/2017 16:17:26","323","closed","Partitioned consumer test failure","2"
"112","rdhabalia","23/12/2016 09:44:55","153","closed","Fix: Fair message consumption from all partitions in partitioned-cons…","3"
"818","merlimat","24/1/2018 03:42:28","1095","closed","Publish pulsar-client-admin as a shaded artifact","2"
"1042","mgodave","9/3/2018 23:39:07","1363","closed","Schema registry 3/N","3"
"754","rdhabalia","21/12/2017 09:34:35","1000","closed","Make sure nextTuple emits tuple with non-null values","2"
"613","saandrews","3/10/2017 03:50:54","802","closed","Added end user documentation for encryption","15"
"289","merlimat","26/4/2017 03:56:08","384","closed","Send replay entries read callback from background thread, to avoid recursive stack calls","1"
"268","merlimat","18/4/2017 03:15:19","359","closed","Use multiple ZK sessions for BK and ManagedLedger","4"
"737","ivankelly","12/12/2017 23:42:32","962","closed","Raw Reader for Pulsar Topics","5"
"65","rdhabalia","28/10/2016 04:36:54","89","closed","Fix: Reset message-header index while verify checksum-strip at Reconnection","2"
"569","jai1","8/9/2017 07:54:59","747","closed","Pulsar Clients: Added a mandatory stop to the Backoff logic","3"
"124","rdhabalia","18/1/2017 05:02:31","166","closed","Pass brokerServiceUrl to websocket service configuration","6"
"615","rdhabalia","3/10/2017 08:19:30","804","closed","Fix test: shutdown executor and intermittent test failure","1"
"798","zhaijack","12/1/2018 12:28:04","1059","closed","Issue 1014: Rename ""global zookeeper"" to ""configuration-store""(change in code, conf and cli)","34"
"693","rdhabalia","17/11/2017 03:11:52","905","closed","Fail Pulsar storm spout/bolt init on consumer/producer creation failed","2"
"98","yush1ga","1/12/2016 17:53:55","130","closed","Replaced Json Library","1"
"744","mgodave","20/12/2017 02:45:10","987","closed","Add Type information to Pulsar client interface","20"
"200","merlimat","6/3/2017 14:51:09","276","closed","Persist individually deleted messages","9"
"715","jai1","1/12/2017 05:50:53","932","closed","Added more log messages for SLA Namespace acquisition","2"
"964","sijie","23/2/2018 17:15:51","1274","closed","Upgrade jersey version to 2.25 and powermock to 1.7.3","1"
"490","merlimat","3/8/2017 09:24:21","632","closed","Splitted Admin API reference into multiple pages","3"
"235","rdhabalia","29/3/2017 13:00:07","320","closed","introduce zk-stats: zk-latency + zk-rate","11"
"590","merlimat","21/9/2017 05:17:29","773","closed","Refactored replicator test with backlog quota interactions","1"
"82","merlimat","16/11/2016 07:48:20","111","closed","[#109] Pulsar binary protocol documentation","25"
"119","rdhabalia","5/1/2017 08:27:30","161","closed","Replicator-producer creation should be idempotent","3"
"376","merlimat","20/6/2017 01:04:27","492","closed","Use maven-3.5.0 in travis builds","2"
"147","jai1","9/2/2017 07:53:47","197","closed","Getting the code to run with old boost asio","1"
"480","merlimat","2/8/2017 04:56:27","615","closed","Allow to compile C++ client lib in debug mode","3"
"338","rdhabalia","2/6/2017 07:26:20","446","closed","Recover cursor with correct readPosition and replay unackedMessages","6"
"358","yush1ga","14/6/2017 14:31:06","473","closed","Internal Producer/Consumer in WebSocketProxy should be closed asynchronously","3"
"412","rdhabalia","28/6/2017 07:30:33","534","closed","Validate msg size after compressing the msg while sending msg","2"
"973","ivankelly","26/2/2018 19:52:03","1284","closed","Mavenize docker images","1"
"610","saandrews","28/9/2017 12:22:06","798","closed","Added encryption key metadata to send additional information about th…","11"
"79","merlimat","11/11/2016 15:46:51","106","closed","Issue #80: Use receiveAsync() to aggregate messages into shared queue for partitioned consumer","3"
"26","radekg","27/9/2016 19:33:16","40","closed","WebService refactoring","2"
"950","ivankelly","20/2/2018 19:59:24","1257","closed","Compaction CLI tool","2"
"72","rdhabalia","1/11/2016 05:50:19","98","closed","Async authorization check while creation of producer/consumer","2"
"812","merlimat","19/1/2018 06:32:43","1085","closed","Fixed some of the warnings in Maven build","4"
"579","merlimat","17/9/2017 02:52:08","761","closed","Kafka client Java API wrapper","1"
"642","merlimat","21/10/2017 01:17:44","845","closed","Include bouncycastle dependency in shaded client library","1"
"232","jai1","28/3/2017 01:11:59","317","closed","HTTP lookups for c++ client lib","24"
"77","lovelle","8/11/2016 11:41:16","104","closed","add queue refill threshold configurable by consumer","7"
"17","yush1ga","21/9/2016 18:16:38","30","closed","amend some typographic errors in docs/Architecture.md and docs/Authen…","2"
"198","rdhabalia","4/3/2017 04:21:26","274","closed","close client connectionon  tooManyRequest and internal-server error","3"
"212","merlimat","14/3/2017 14:48:21","292","closed","Added REST and CLI tool to expose ManagedLedger metadata","4"
"37","merlimat","8/10/2016 05:31:26","53","closed","Deploy artifacts to OSS sonatype and github release page","1"
"28","rdhabalia","28/9/2016 09:10:52","44","closed","Add circe source code to checksum library","7"
"1116","merlimat","27/3/2018 09:55:02","1450","closed","Added multiple position delete in ManagedLedger","6"
"832","mgodave","26/1/2018 02:09:45","1112","closed","Broker schema registry (1/3)","2"
"1089","rdhabalia","22/3/2018 08:53:50","1418","closed","Handle null redirection url with error-message at broker","1"
"1070","cckellogg","16/3/2018 03:53:09","1394","closed","Add V2 compatibility for pulsar admin persistent topics.","1"
"404","rdhabalia","24/6/2017 05:12:36","526","closed","Add managed-ledger admin tool to access ml binary information","10"
"1147","jai1","4/4/2018 07:53:28","1492","closed","Fixed InvocationTargetException in pulsar-admin","8"
"1001","jai1","2/3/2018 15:54:01","1318","closed","Added localhost as default advertised address in standalone.conf","1"
"584","yush1ga","19/9/2017 13:57:54","767","closed","Fix some documents","2"
"1029","lucperkins","7/3/2018 06:16:56","1350","closed","Pulsar Functions documentation","3"
"813","lucperkins","19/1/2018 07:39:42","1086","closed","Pulsar proxy documentation","1"
"515","merlimat","10/8/2017 07:01:07","666","closed","Added documentation on how to start the standalone service with Docker","1"
"1000","sijie","2/3/2018 12:21:44","1316","closed","Introduce a pulsar log4j2 appender","4"
"225","rdhabalia","23/3/2017 01:50:07","306","closed","Add topic loading throttling","19"
"706","lucperkins","29/11/2017 01:51:07","920","closed","Provide an Ansible playbook for AWS with documentation","9"
"83","rdhabalia","16/11/2016 08:22:33","112","closed","Fix: Discovery-lookup returns correct PartitionMetadataResponse on partition-lookup","1"
"333","jai1","1/6/2017 02:09:10","441","closed","Set Block If queue full to false by default","3"
"63","merlimat","27/10/2016 01:24:06","87","closed","Make protoc compiler to use pulsar::proto as C++ namespace","1"
"571","rdhabalia","8/9/2017 10:05:06","750","closed","Add msg ack-hole metrics to internal-stats and broker-stats","1"
"216","yush1ga","17/3/2017 16:19:29","296","closed","Added spark streaming custom receiver for pulsar","11"
"174","sschepens","22/2/2017 21:20:53","234","closed","Enable gzip for broker web service","5"
"45","rdhabalia","14/10/2016 11:09:30","63","closed","Add pending-blocked-message-permits to dispatcher while redelivery of pending messages","6"
"295","merlimat","3/5/2017 07:27:32","392","closed","Upgrade to netty-4.0.46","1"
"694","rdhabalia","17/11/2017 03:40:04","906","closed","Avoid logging stacktrace for exclusive consumer-busy exception","3"
"891","xiaozongyang","6/2/2018 23:13:11","1186","closed","Pulsar FAQ","12"
"134","nkurihar","30/1/2017 11:28:37","178","closed","Add Athenz authentication plugin","4"
"801","cckellogg","15/1/2018 08:18:52","1064","closed","Allow topic metrics to be exported to prometheus optionally.","5"
"163","jai1","17/2/2017 07:38:52","219","closed","Fixed the C++ build to work in mac","11"
"669","massakam","1/11/2017 19:04:54","876","closed","Separate ports used by global and local zookeeper","4"
"223","hrsakai","22/3/2017 12:00:27","304","closed","added c++ sample code to documents","2"
"352","rdhabalia","10/6/2017 02:18:10","464","closed","Fix test: testNeedBrokerDataUpdate loadReport considers absolute perc…","1"
"36","rdhabalia","7/10/2016 06:08:16","52","closed","Accept received-msg-ack from different consumer than received-consumer on shared-subscription","3"
"848","ivankelly","30/1/2018 00:06:29","1133","closed","Property name in documentation is incorrect","3"
"221","merlimat","22/3/2017 06:03:23","302","closed","Update BK to 4.3.1.60-yahoo","1"
"430","jai1","8/7/2017 06:03:31","555","closed","CPP Client - Accessing connection_ pointer under a lock","3"
"102","rdhabalia","3/12/2016 10:11:02","140","closed","adminApi: add brokerServiceUrl while creating cluster","1"
"8430","fengtao1998","18/10/2021 15:11:41","12400","closed","docbot  test","2"
"688","merlimat","14/11/2017 07:19:07","900","closed","Fixed getting the position in PulsarKafkaConsumer when we dont have an offset yet","1"
"460","merlimat","25/7/2017 01:41:22","591","closed","Fixed references to Yahoo pages","1"
"499","lucperkins","7/8/2017 08:24:38","647","closed","Add link checker and fix broken links","2"
"915","rdhabalia","10/2/2018 15:05:25","1214","closed","Support hostname verification on proxy to broker connection","3"
"111","rdhabalia","23/12/2016 08:14:35","152","closed","Safely stop(close replication-producer) and remove replicator","5"
"1093","rdhabalia","23/3/2018 06:05:45","1423","closed","Refactor pulsar function admin api location","1"
"851","ivankelly","30/1/2018 04:54:23","1136","closed","Read compacted consumer flag","4"
"459","jai1","24/7/2017 14:45:33","590","closed","CPP Client - removed log statement from ClientImpl Destructor","2"
"16","merlimat","21/9/2016 05:46:47","28","closed","Status file path should not be required in configuration","1"
"968","zhaijack","24/2/2018 11:47:52","1279","closed","PIP-13-2/3: support regex based subscription","10"
"62","sschepens","26/10/2016 01:17:11","85","closed","Increment receive timeout on PerMessageUnAcknowledgedRedeliveryTest","1"
"123","rdhabalia","13/1/2017 06:16:48","165","closed","Message dispatching based on consumer priority-level","3"
"568","jai1","7/9/2017 09:05:47","746","closed","CPP and Java Client: Reduce the backoff time in Clients","1"
"805","lucperkins","18/1/2018 06:03:22","1076","closed","Various website updates","1"
"492","rdhabalia","4/8/2017 05:23:48","636","closed","Add subscription-type argument into test","1"
"655","rdhabalia","26/10/2017 08:08:52","861","closed","fix: return correct error while splitting bundle which cant be split…","1"
"365","bradtm","15/6/2017 12:41:16","481","closed","Remove bundle from the ephemeral preallocated map once it is loaded","12"
"704","rdhabalia","23/11/2017 09:05:21","918","closed","add admin-api doc for peer-clusters","1"
"1139","lucperkins","31/3/2018 06:50:43","1481","closed","Pulsar Functions overview","1"
"308","t2y","16/5/2017 06:34:29","410","closed","Add syntax statement for proto file","1"
"880","merlimat","5/2/2018 12:18:28","1174","closed","Throw ProducerBusy when producer with same name is already connected","1"
"183","rdhabalia","1/3/2017 03:14:01","252","closed","close binary-proto-lookup connection after connection-lifetime","10"
"100","ais-one","2/12/2016 18:26:57","138","closed","Fix Error in NodeJS consumer code","2"
"1072","xiaozongyang","16/3/2018 13:28:59","1397","closed","Issue 1069: Provide a setting in consumer configuration to specify where to start consuming messages","9"
"925","jai1","13/2/2018 04:51:44","1225","closed","Enable specification of TLS Protocol Versions and Cipher Suites","5"
"1080","zhaijack","19/3/2018 13:33:13","1405","closed","Timeout task for batchMessageAndSendTask is not cancelled when close","1"
"140","rdhabalia","2/2/2017 05:28:21","186","closed","Update Broker service configuration dynamically","17"
"137","rdhabalia","31/1/2017 10:37:47","182","closed","Add client-side lookup throttling","2"
"24","rdhabalia","24/9/2016 07:23:23","38","closed","Prevent message-replay of already acknowledged messages","2"
"966","merlimat","24/2/2018 02:16:15","1276","closed","Refactored ClientConfuguration to use ClientConfigurationData shared with ClientBuilderImpl","4"
"760","cckellogg","23/12/2017 07:03:47","1009","closed","Add optional key/value metadata to producers.","12"
"25","merlimat","27/9/2016 08:37:48","39","closed","Updated BK version to 4.3.1.41-yahoo","1"
"141","merlimat","3/2/2017 06:10:57","187","closed","Support custom advertised address in pulsar standalone","1"
"122","rdhabalia","11/1/2017 16:29:00","164","closed","Unload bundle: close topic forcefully and enable bundle on ownership removal failure","7"
"94","rdhabalia","24/11/2016 09:22:17","126","closed","Add support of auth&auth at discovery BinaryProto-lookup","4"
"218","sschepens","21/3/2017 05:26:56","298","closed","Support receiveAsync cancellation","3"
"923","sijie","12/2/2018 14:08:03","1223","closed","Add a `internalConfiguration` admin restful endpoint for query internal configuration","8"
"1026","merlimat","7/3/2018 04:35:01","1347","closed","Enforce timeout on all TestNG tests, thread dump on timeout","3"
"434","nkurihar","12/7/2017 16:10:32","559","closed","Add empty check for subscription name","1"
"49","merlimat","18/10/2016 05:06:22","68","closed","Unack message tracker for pre-fetched messages","1"
"211","jai1","14/3/2017 05:01:46","290","closed","Removing yca from CPP client","8"
"671","merlimat","3/11/2017 07:54:26","879","closed","Use 127.0.0.1 in standalone and clean the cookie in case of conflicts","1"
"1014","sijie","5/3/2018 17:27:40","1332","closed"," Merge pulsar-functions dist package into pulsar binary distribution","2"
"1125","merlimat","29/3/2018 05:06:06","1465","closed","Used defaults for Netty allocator used in entry cache","1"
