"id","author","created_at","gh_number","state","title","comment_num"
"184","cmccabe","4/6/2014 06:19:58","209","closed","Remove the dependency on ant.","9"
"116","jinntrance","21/2/2014 18:02:41","129","closed","added version to tachyon command","5"
"87","GraceH","24/12/2013 11:29:58","94","closed","Delete all loaded completedLog during rebooting","14"
"71","timothysc","15/11/2013 00:46:26","74","closed","Script renaming to allow for system installation as not to collide with other packages","5"
"68","GraceH","14/11/2013 14:10:39","71","closed","Fix the NPE in getClientBlockInfo while INode is a DIR","14"
"51","GraceH","7/10/2013 13:26:10","51","closed","exclude org.jboss.netty in org.apache.curator.curator-recipes","12"
"146","scwf","27/4/2014 13:55:47","170","closed","delete no use imports","3"
"80","ash211","4/12/2013 17:03:19","83","closed","Update slaves","2"
"70","GraceH","14/11/2013 22:28:28","73","closed","Delete the orphan blocks while initialize WorkerStorage","21"
"52","cybermaster","9/10/2013 14:52:36","52","closed","update the tachyon-env.sh template for 0.3.0","7"
"190","rootfs","12/6/2014 21:10:46","215","closed","Restore Glusterfs with update ","65"
"162","Du-Li","8/5/2014 00:47:40","186","closed","fix tachyon.command.Utils.validatePath() documentation","2"
"132","colorant","26/3/2014 10:54:01","153","closed","Fix format file creation issue","14"
"84","jey","18/12/2013 00:56:45","88","closed","Split tachyon-server into separate artifact","6"
"170","Du-Li","13/5/2014 09:38:26","194","closed","fix incomplete rename of UnderfsUtil","2"
"192","aarondav","15/6/2014 10:00:33","217","closed","Downgrade ""Master disconnected"" log message to DEBUG level","5"
"176","ghost","20/5/2014 20:41:05","200","closed","Fix a broken link in document","1"
"169","manugoyal","12/5/2014 13:18:42","193","closed","Added test for deleting root","5"
"92","grayluck","28/1/2014 13:48:29","99","closed","Create docs directory and markdown document of Tachyon.","1"
"101","aarondav","4/2/2014 07:58:06","110","closed","Absurdly minor: throw exception instead of looking at it","2"
"69","rseetha","14/11/2013 14:53:37","72","closed","Jdk7 osx","36"
"180","aarondav","28/5/2014 05:55:52","204","closed","When the master client fails to connect, it should stop trying","13"
"115","timothysc","18/2/2014 04:16:44","128","closed","Update to enable group write permissions to the tachyon.worker.data.folder","21"
"114","aarondav","17/2/2014 12:05:03","127","closed","[RFC] Add ""cacheOnRead"" setting for file inodes","16"
"60","xiliu82","29/10/2013 09:05:46","62","closed","implement flush()","9"
"97","manugoyal","1/2/2014 13:14:07","104","closed","Fixed tfs copyFromLocal for directories","10"
"112","timothysc","15/2/2014 04:51:55","125","closed","Fix for issue #111","5"
"108","elyast","11/2/2014 14:50:10","120","closed"," TFsShell method: copyFromLocal, touch are using full URI instead of path #118","7"
"22","markhamstra","20/4/2013 03:20:25","22","closed","Specified a maven compiler plugin version and a java version.","2"
"156","manugoyal","6/5/2014 08:16:56","180","closed","Improved _createFile method","16"
"59","nicklan","26/10/2013 03:41:57","61","closed","Move version into properties file","13"
"197","ghost","26/6/2014 12:01:04","222","closed","JIRA-91: fix UI","27"
"135","nicklan","29/3/2014 04:05:04","159","closed","Make bootstrap-conf work on OSX","4"
"65","nicklan","11/11/2013 02:39:52","68","closed","Close UFS properly in EditLog","5"
"127","haoyuan","8/3/2014 15:06:00","141","closed","Tachyon client jar.","4"
"124","GraceH","4/3/2014 16:44:42","138","closed","Disable instance cache in minidfscluster","6"
"98","manugoyal","1/2/2014 13:15:10","105","closed","Created smaller client jar","11"
"173","chenghao-intel","19/5/2014 13:39:03","197","closed","Create local folders if parent path doesnt exist","2"
"149","manugoyal","29/4/2014 13:35:32","173","closed","Cleaned up and documented MasterInfo and related files","4"
"200","ghost","27/6/2014 14:33:05","225","closed","Fix the broken document link","5"
"73","shivaram","23/11/2013 01:58:32","76","closed","Use nohup when starting Tachyon daemons","8"
"103","RongGu","8/2/2014 01:33:01","113","closed","Fix the issue #109 on github(Namely, the TACHYON-66 on JIRA): TFS and TFShell doesnt respect fault tollerant mode with zookeeper","15"
"44","achalsoni81","30/8/2013 01:09:38","44","closed","space information for HDFS fix","4"
"11","calvinjia","18/3/2013 04:23:25","11","closed","Fixed a few logging bugs","1"
"42","RongGu","31/7/2013 10:27:45","42","closed"," Add ""Location"" command into TFSShell as well as some minor fixes","11"
"189","rootfs","11/6/2014 22:31:40","214","closed","Glusterfs related update","5"
"161","manugoyal","7/5/2014 12:06:57","185","closed","Added concurrent tests and a concurrent benchmark to MasterInfo","8"
"121","nicklan","4/3/2014 01:56:33","135","closed","Move webapp to src/main/webapp","5"
"117","alig","22/2/2014 06:02:52","130","closed","Option to pass master ip/port through worker command line. Makes deployment easier.","13"
"88","GraceH","24/12/2013 13:52:34","95","closed","Replace run_on_slaves with $bin/tachyon-slaves.sh","5"
"82","nicklan","13/12/2013 06:12:25","86","closed","mount_ramfs_linux warns if requested size>freemem","27"
"188","rootfs","11/6/2014 02:57:27","213","closed","Refactor configuration class","51"
"125","GraceH","5/3/2014 22:10:57","139","closed","Fix master cleanup for zookeeper mode","6"
"119","GraceH","24/2/2014 21:54:53","133","closed","Make ufscluster singleton for the entire jvm process","19"
"113","elyast","16/2/2014 13:58:18","126","closed","TFS doesnt respect tachyon-ft scheme","7"
"40","hobinyoon","29/7/2013 03:34:49","40","closed","s3n support","3"
"153","manugoyal","4/5/2014 01:16:36","177","closed","Small cleanups to MasterInfo","4"
"43","cybermaster","13/8/2013 02:49:38","43","closed","created junit test - PairTest.java","3"
"147","scwf","27/4/2014 21:51:35","171","closed","delete no use imports","2"
"196","hsaputra","26/6/2014 08:42:59","221","closed","Add main/dependency-reduced-pom.xml file to .gitignore","3"
"79","GraceH","3/12/2013 09:52:45","82","closed","Fix IAE in TachyonFS.createAndGetUserUnderfsTempFolder","5"
"26","markhamstra","30/4/2013 06:20:57","26","closed","Deb packaging","1"
"187","aarondav","9/6/2014 09:50:52","212","closed","Introduce fine-grained, hierarchical pinning","32"
"85","clockfly","18/12/2013 23:31:42","89","closed","Support JDK6 in Tachyon","12"
"72","aslanbakirov","21/11/2013 18:28:14","75","closed","HDFS implementation now configurable from tachyon-env.sh","9"
"95","timothysc","31/1/2014 11:26:00","102","closed","Fix for a null pointer exception #90","8"
"57","jinntrance","21/10/2013 19:50:21","58","closed","fixed a bug in MasterInfo and made two improvements.","4"
"81","GraceH","11/12/2013 09:38:30","85","closed","Save checkpoint onto UnderFS W/O a local worker","25"
"61","jinntrance","29/10/2013 16:51:11","63","closed","fixed a issue that user could not run the script mount.sh other than the TACHYON_HOME folder","7"
"19","calvinjia","11/4/2013 04:19:50","19","closed","Tests Cases","3"
"160","manugoyal","7/5/2014 11:53:27","184","closed","Improved rename","27"
"77","calvinjia","1/12/2013 12:26:58","80","closed","Fix journal test to init master info","5"
"172","haoyuan","14/5/2014 08:13:51","196","closed","update","4"
"30","cybermaster","16/7/2013 06:54:44","30","closed","Mac OS X ramdisk location fix","1"
"21","calvinjia","19/4/2013 08:12:09","21","closed","Unit Tests","6"
"131","GraceH","18/3/2014 10:52:52","146","closed","To eliminate the ending slash in journal folder configuration","10"
"198","ghost","27/6/2014 13:12:52","223","closed","Make Web UI handle any requests (no crash)","10"
"212","ghost","6/7/2014 16:36:25","238","closed","Unit test bug","4"
"104","grayluck","8/2/2014 08:04:22","114","closed","Add markdown document file for web interface.","2"
"171","rootfs","13/5/2014 22:39:55","195","closed","adding glusterfs as a new UnderFS","37"
"165","Du-Li","8/5/2014 07:39:25","189","closed","change pinlist and whitelist separator from semicolon to comma","1"
"56","calvinjia","20/10/2013 13:00:33","57","closed","Block Size in UI","18"
"151","Du-Li","3/5/2014 09:17:04","175","closed","minor fixes on documentation, annotation, config template","1"
"91","anuragkh","28/1/2014 09:52:23","98","closed","Bug fix to RemoteBlockInStream.java:seek","1"
"74","aslanbakirov","26/11/2013 03:06:40","77","closed","HDFS implementation is now configurable from tachyon-env.sh","12"
"179","pfxuan","26/5/2014 12:57:20","203","closed","Improve issue TACHYON-90 (JIRA): use FQDN as hostname in BlockInfo","8"
"54","calvinjia","16/10/2013 18:19:01","55","closed","Load underfs","11"
"138","WangTaoTheTonic","22/4/2014 00:02:42","162","closed","Make comment consistent with the code","4"
"181","aarondav","29/5/2014 01:16:38","205","closed","Minor improvements to UFS conf targeted at S3 usability","5"
"96","grayluck","1/2/2014 00:47:59","103","closed","Finish the missing commands in Command-Line-Interface.md","2"
"83","jey","17/12/2013 09:33:21","87","closed","Split tachyon-server into separate artifact","9"
"67","timothysc","13/11/2013 01:38:58","70","closed","Update scripts to integrate with system using variable override, similar to hadoop","7"
"201","ghost","27/6/2014 23:50:48","226","closed","explain bin/tachyon thriftGen","4"
"63","calvinjia","9/11/2013 07:24:52","66","closed","HDFS commands","16"
"90","hsaputra","24/1/2014 16:21:42","97","closed","Simple proposed clean up of comment and webs servlet code","7"
"105","anuragkh","9/2/2014 07:22:24","115","closed","Fixed 2 bugs:","8"
"174","aarondav","20/5/2014 03:12:22","198","closed","A couple minor fixes and cleanups","23"
"45","ortschun","13/9/2013 15:22:53","45","closed","Add PrefixList tests","1"
"213","ghost","6/7/2014 18:59:21","239","closed","Unit test dev","10"
"107","grayluck","10/2/2014 14:37:51","117","closed","Add tests for FsShell; fix cat/tail throwing IOException when file not exists.","22"
"134","Du-Li","27/3/2014 02:55:19","155","closed","update shark on Tachyon doc","1"
"86","GraceH","22/12/2013 20:26:37","93","closed","Make file creation and deletion sychronized","5"
"144","Du-Li","26/4/2014 02:49:45","168","closed","This commit fixes loadufs command line to take parameters: bin/tachyon l...","107"
"39","hobinyoon","28/7/2013 05:03:58","39","closed","slaves does not need to be managed. slaves.template instead.","1"
"168","manugoyal","12/5/2014 05:07:20","192","closed","Added concurrent tests to MasterInfo","33"
"93","anuragkh","29/1/2014 07:55:44","100","closed","Bug fix to RemoteBlockInStream.java:seek","11"
"89","GraceH","30/12/2013 13:25:33","96","closed","Fix OutOfBound exception in swapoutOrphanBlocks","15"
"175","aarondav","20/5/2014 04:20:02","199","closed","Minor improvements to resilience of Heartbeat Thread","7"
"36","hobinyoon","27/7/2013 07:57:37","36","closed","fix of bin/start.sh hangs by redirecting output to the null device.","1"
"50","calvinjia","4/10/2013 05:48:06","50","closed","Fixes to leader election.","2"
"102","manugoyal","7/2/2014 03:37:52","112","closed","Docs Fixes","12"
"167","Du-Li","10/5/2014 01:58:46","191","closed","fix problems with empty exclusion prefixes","3"
"66","ooq","11/11/2013 13:55:01","69","closed","add apache license","2"
"109","manugoyal","13/2/2014 06:45:51","121","closed","Fixed loadufs exclude","4"
"158","manugoyal","7/5/2014 10:04:58","182","closed","Improved delete method","8"
"155","manugoyal","4/5/2014 08:09:57","179","closed","Added addToFileIdPinList method to loadImage","4"
"118","nicklan","22/2/2014 08:18:45","132","closed","Add bootstrap script","5"
"133","manugoyal","26/3/2014 21:44:19","154","closed","Fine grained tree 2","100"
"195","ghost","24/6/2014 16:10:26","220","closed","add information to In Memory Files page","19"
"111","alig","15/2/2014 04:27:38","124","closed","Power API for short-cirtcuit reads from RamDisk and getting TachyonFS from TFS","19"
"2","calvinjia","25/2/2013 19:57:38","2","closed","UI Update","1"
"16","calvinjia","8/4/2013 08:21:13","16","closed","Logging fixes, mac support, UI fixes","1"
"199","ghost","27/6/2014 14:28:21","224","closed","Fix the thrift 0.9 installation document","5"
"62","jinntrance","4/11/2013 21:01:33","65","closed","worker and client with different user can write to the temp folder. ","50"
"123","manugoyal","4/3/2014 08:49:48","137","closed","Commented the MasterInfo file","5"
"75","jinntrance","28/11/2013 01:55:32","78","closed","relocated all the Utils into package tachyon.util","23"
"128","manugoyal","14/3/2014 06:10:46","142","closed","Fine grained tree","41"
"126","nicklan","7/3/2014 05:00:53","140","closed","Add environment var to make webapp work on jre","1"
"194","aarondav","23/6/2014 10:29:02","219","closed","Use JSON as the EditLogs serialization format","23"
"166","manugoyal","10/5/2014 01:42:12","190","closed","Improved delete 2","32"
"99","grayluck","2/2/2014 12:17:32","107","closed","in memory percentage, seek to a position, detail information and layout change for file browsing ","7"
"142","Du-Li","25/4/2014 06:55:18","166","closed","treat under FS prefix file:// the same as local FS","6"
"152","manugoyal","4/5/2014 00:54:02","176","closed","Fixed CommonUtils cleanPath","8"
"46","achalsoni81","22/9/2013 03:54:39","46","closed","Space info","3"
"157","Du-Li","7/5/2014 02:24:01","181","closed","more tests on UnderfsUtil.loadUnderFs and bug fixing","4"
"53","nicklan","11/10/2013 07:49:23","54","closed","Set byte order on all buffers","7"
"32","calvinjia","16/7/2013 11:58:19","32","closed","Fix UI Bug","2"
"183","pfxuan","4/6/2014 03:18:01","208","closed","Should load the configuration settings $TACHYON_JAVA_OPTS for runTest","8"
"136","manugoyal","29/3/2014 09:04:07","160","closed","Fixed Constants.PATH_SEPARATOR everywhere and ran eclipse code formatter","18"
"38","hobinyoon","28/7/2013 03:34:08","38","closed","fix of the bin/format.sh error.","1"
"150","GraceH","30/4/2014 14:36:24","174","closed","Make underFS configurable","23"
"140","manugoyal","22/4/2014 21:56:48","164","closed","Make parseMemorySize handle PB size","10"
"139","manugoyal","22/4/2014 07:44:11","163","closed","Fixed escaping path names in the webapp","5"
"193","CrazyJvm","21/6/2014 13:56:24","218","closed","Netutil import","2"
"12","calvinjia","19/3/2013 03:22:10","12","closed","Specific Log rotation","2"
"164","Du-Li","8/5/2014 07:16:50","188","closed","resolve hostname in UnderFS address in loadufs, add unit tests and documentation","4"
"137","WangTaoTheTonic","20/4/2014 22:40:23","161","closed","Check if the List is null before using it","14"
"78","calvinjia","1/12/2013 15:08:44","81","closed","Change logic for deleting logs.","4"
"24","calvinjia","24/4/2013 11:35:22","24","closed","Log file fix, MasterLogReader fix, test cases","15"
"191","aarondav","15/6/2014 09:55:50","216","closed","Canonicalize all host names","5"
"159","manugoyal","7/5/2014 11:23:56","183","closed","Improved getClientFileInfo, getRawTableInfo, getFilesInfo, and ls.","13"
"25","achalsoni81","28/4/2013 20:44:11","25","closed","Hadoop fs -ls fix","2"
"141","colorant","24/4/2014 10:59:33","165","closed","Fix deadlock issue in freeBlock","9"
"122","rmetzger","4/3/2014 05:32:42","136","closed","deploy test-jar with maven","8"
"94","manugoyal","30/1/2014 02:57:24","101","closed","Created smaller client jar","2"
"186","swatDong","5/6/2014 19:47:30","211","closed","fix the problem of ""no tty to run sudo""","2"
"154","manugoyal","4/5/2014 01:27:34","178","closed","Refactored InodeFolder to store children Inodes rather than ids","20"
"49","jey","3/10/2013 09:40:44","49","closed","Make build independent of specific Hadoop version used at runtime","1"
"47","achalsoni81","22/9/2013 06:45:56","47","closed","changes to allow fixed checkpoint for files for underlayer fs","8"
"177","ghost","21/5/2014 13:38:08","201","closed","fix a broken link in documentation","2"
"76","GraceH","28/11/2013 22:13:22","79","closed","To cache IOException when isTryCache","6"
"106","anuragkh","9/2/2014 21:24:08","116","closed","Fix to RemoteBlockInStream.java:read()","5"
"18","calvinjia","9/4/2013 22:40:01","18","closed","Logging changes","2"
"185","aarondav","4/6/2014 09:26:03","210","closed","Fix buffer usage which results in data corruption in BlockOutStream","5"
"64","calvinjia","10/11/2013 12:43:42","67","closed","Failover","54"
"110","GraceH","14/2/2014 14:11:14","122","closed","Add integration test over hdfs underfilesystem","48"
"178","ghost","21/5/2014 21:03:09","202","closed","fix issue TACHYON-73 in JIRA: change toFullPermission in UnderFileSystem...","11"
"145","manugoyal","27/4/2014 12:26:46","169","closed","Added methods to CommonUtils","33"
"55","nicklan","18/10/2013 06:54:34","56","closed","Consolidate all the start scripts into start.sh","15"
"148","manugoyal","29/4/2014 05:15:30","172","closed","Cleaned up and documented MasterInfo and related files","4"
"130","jey","18/3/2014 07:49:06","145","closed","Split server and client into separate artifacts","12"
"129","elyast","16/3/2014 13:11:34","143","closed","Feature/max limits config","16"
"27","calvinjia","8/6/2013 11:14:47","27","closed","A few testing updates and pom update","5"
"143","Du-Li","25/4/2014 07:33:24","167","closed","under FS prefix file:// should be treated the same as local FS","7"
"23","markhamstra","24/4/2013 02:30:41","23","closed","Hadoop profiles","3"
"58","jinntrance","25/10/2013 15:24:38","60","closed","consolidated all the mount*.sh to mount.sh","6"
